timestamp,pv_output_kW,battery_charge_kW,battery_discharge_kW,battery_soc_kWh,net_output_kW
2025-01-11 00:00:00+00:00,0.0,0.0,0,0.0,0.0
2025-01-11 00:01:00+00:00,0.0,0.0,0,0.0,0.0
2025-01-11 00:02:00+00:00,0.0,0.0,0,0.0,0.0
2025-01-11 00:03:00+00:00,0.0,0.0,0,0.0,0.0
2025-01-11 00:04:00+00:00,0.0,0.0,0,0.0,0.0
2025-01-11 00:05:00+00:00,0.0,0.0,0,0.0,0.0
2025-01-11 00:06:00+00:00,0.0,0.0,0,0.0,0.0
2025-01-11 00:07:00+00:00,0.0,0.0,0,0.0,0.0
2025-01-11 00:08:00+00:00,0.0,0.0,0,0.0,0.0
2025-01-11 00:09:00+00:00,0.0,0.0,0,0.0,0.0
2025-01-11 00:10:00+00:00,0.0,0.0,0,0.0,0.0
2025-01-11 00:11:00+00:00,0.0,0.0,0,0.0,0.0
2025-01-11 00:12:00+00:00,0.0,0.0,0,0.0,0.0
2025-01-11 00:13:00+00:00,0.0,0.0,0,0.0,0.0
2025-01-11 00:14:00+00:00,0.0,0.0,0,0.0,0.0
2025-01-11 00:15:00+00:00,0.0,0.0,0,0.0,0.0
2025-01-11 00:16:00+00:00,0.0,0.0,0,0.0,0.0
2025-01-11 00:17:00+00:00,0.0,0.0,0,0.0,0.0
2025-01-11 00:18:00+00:00,0.0,0.0,0,0.0,0.0
2025-01-11 00:19:00+00:00,0.0,0.0,0,0.0,0.0
2025-01-11 00:20:00+00:00,0.0,0.0,0,0.0,0.0
2025-01-11 00:21:00+00:00,0.0,0.0,0,0.0,0.0
2025-01-11 00:22:00+00:00,0.0,0.0,0,0.0,0.0
2025-01-11 00:23:00+00:00,0.0,0.0,0,0.0,0.0
2025-01-11 00:24:00+00:00,0.0,0.0,0,0.0,0.0
2025-01-11 00:25:00+00:00,0.0,0.0,0,0.0,0.0
2025-01-11 00:26:00+00:00,0.0,0.0,0,0.0,0.0
2025-01-11 00:27:00+00:00,0.0,0.0,0,0.0,0.0
2025-01-11 00:28:00+00:00,0.0,0.0,0,0.0,0.0
2025-01-11 00:29:00+00:00,0.0,0.0,0,0.0,0.0
2025-01-11 00:30:00+00:00,0.0,0.0,0,0.0,0.0
2025-01-11 00:31:00+00:00,0.0,0.0,0,0.0,0.0
2025-01-11 00:32:00+00:00,0.0,0.0,0,0.0,0.0
2025-01-11 00:33:00+00:00,0.0,0.0,0,0.0,0.0
2025-01-11 00:34:00+00:00,0.0,0.0,0,0.0,0.0
2025-01-11 00:35:00+00:00,0.0,0.0,0,0.0,0.0
2025-01-11 00:36:00+00:00,0.0,0.0,0,0.0,0.0
2025-01-11 00:37:00+00:00,0.0,0.0,0,0.0,0.0
2025-01-11 00:38:00+00:00,0.0,0.0,0,0.0,0.0
2025-01-11 00:39:00+00:00,0.0,0.0,0,0.0,0.0
2025-01-11 00:40:00+00:00,0.0,0.0,0,0.0,0.0
2025-01-11 00:41:00+00:00,0.0,0.0,0,0.0,0.0
2025-01-11 00:42:00+00:00,0.0,0.0,0,0.0,0.0
2025-01-11 00:43:00+00:00,0.0,0.0,0,0.0,0.0
2025-01-11 00:44:00+00:00,0.0,0.0,0,0.0,0.0
2025-01-11 00:45:00+00:00,0.0,0.0,0,0.0,0.0
2025-01-11 00:46:00+00:00,0.0,0.0,0,0.0,0.0
2025-01-11 00:47:00+00:00,0.0,0.0,0,0.0,0.0
2025-01-11 00:48:00+00:00,0.0,0.0,0,0.0,0.0
2025-01-11 00:49:00+00:00,0.0,0.0,0,0.0,0.0
2025-01-11 00:50:00+00:00,0.0,0.0,0,0.0,0.0
2025-01-11 00:51:00+00:00,0.0,0.0,0,0.0,0.0
2025-01-11 00:52:00+00:00,0.0,0.0,0,0.0,0.0
2025-01-11 00:53:00+00:00,0.0,0.0,0,0.0,0.0
2025-01-11 00:54:00+00:00,0.0,0.0,0,0.0,0.0
2025-01-11 00:55:00+00:00,0.0,0.0,0,0.0,0.0
2025-01-11 00:56:00+00:00,0.0,0.0,0,0.0,0.0
2025-01-11 00:57:00+00:00,0.0,0.0,0,0.0,0.0
2025-01-11 00:58:00+00:00,0.0,0.0,0,0.0,0.0
2025-01-11 00:59:00+00:00,0.0,0.0,0,0.0,0.0
2025-01-11 01:00:00+00:00,0.0,0.0,0,0.0,0.0
2025-01-11 01:01:00+00:00,0.0,0.0,0,0.0,0.0
2025-01-11 01:02:00+00:00,0.0,0.0,0,0.0,0.0
2025-01-11 01:03:00+00:00,0.0,0.0,0,0.0,0.0
2025-01-11 01:04:00+00:00,0.0,0.0,0,0.0,0.0
2025-01-11 01:05:00+00:00,0.0,0.0,0,0.0,0.0
2025-01-11 01:06:00+00:00,0.0,0.0,0,0.0,0.0
2025-01-11 01:07:00+00:00,0.0,0.0,0,0.0,0.0
2025-01-11 01:08:00+00:00,0.0,0.0,0,0.0,0.0
2025-01-11 01:09:00+00:00,0.0,0.0,0,0.0,0.0
2025-01-11 01:10:00+00:00,0.0,0.0,0,0.0,0.0
2025-01-11 01:11:00+00:00,0.0,0.0,0,0.0,0.0
2025-01-11 01:12:00+00:00,0.0,0.0,0,0.0,0.0
2025-01-11 01:13:00+00:00,0.0,0.0,0,0.0,0.0
2025-01-11 01:14:00+00:00,0.0,0.0,0,0.0,0.0
2025-01-11 01:15:00+00:00,0.0,0.0,0,0.0,0.0
2025-01-11 01:16:00+00:00,0.0,0.0,0,0.0,0.0
2025-01-11 01:17:00+00:00,0.0,0.0,0,0.0,0.0
2025-01-11 01:18:00+00:00,0.0,0.0,0,0.0,0.0
2025-01-11 01:19:00+00:00,0.0,0.0,0,0.0,0.0
2025-01-11 01:20:00+00:00,0.0,0.0,0,0.0,0.0
2025-01-11 01:21:00+00:00,0.0,0.0,0,0.0,0.0
2025-01-11 01:22:00+00:00,0.0,0.0,0,0.0,0.0
2025-01-11 01:23:00+00:00,0.0,0.0,0,0.0,0.0
2025-01-11 01:24:00+00:00,0.0,0.0,0,0.0,0.0
2025-01-11 01:25:00+00:00,0.0,0.0,0,0.0,0.0
2025-01-11 01:26:00+00:00,0.0,0.0,0,0.0,0.0
2025-01-11 01:27:00+00:00,0.0,0.0,0,0.0,0.0
2025-01-11 01:28:00+00:00,0.0,0.0,0,0.0,0.0
2025-01-11 01:29:00+00:00,0.0,0.0,0,0.0,0.0
2025-01-11 01:30:00+00:00,0.0,0.0,0,0.0,0.0
2025-01-11 01:31:00+00:00,0.0,0.0,0,0.0,0.0
2025-01-11 01:32:00+00:00,0.0,0.0,0,0.0,0.0
2025-01-11 01:33:00+00:00,0.0,0.0,0,0.0,0.0
2025-01-11 01:34:00+00:00,0.0,0.0,0,0.0,0.0
2025-01-11 01:35:00+00:00,0.0,0.0,0,0.0,0.0
2025-01-11 01:36:00+00:00,0.0,0.0,0,0.0,0.0
2025-01-11 01:37:00+00:00,0.0,0.0,0,0.0,0.0
2025-01-11 01:38:00+00:00,0.0,0.0,0,0.0,0.0
2025-01-11 01:39:00+00:00,0.0,0.0,0,0.0,0.0
2025-01-11 01:40:00+00:00,0.0,0.0,0,0.0,0.0
2025-01-11 01:41:00+00:00,0.0,0.0,0,0.0,0.0
2025-01-11 01:42:00+00:00,0.0,0.0,0,0.0,0.0
2025-01-11 01:43:00+00:00,0.0,0.0,0,0.0,0.0
2025-01-11 01:44:00+00:00,0.0,0.0,0,0.0,0.0
2025-01-11 01:45:00+00:00,0.0,0.0,0,0.0,0.0
2025-01-11 01:46:00+00:00,0.0,0.0,0,0.0,0.0
2025-01-11 01:47:00+00:00,0.0,0.0,0,0.0,0.0
2025-01-11 01:48:00+00:00,0.0,0.0,0,0.0,0.0
2025-01-11 01:49:00+00:00,0.0,0.0,0,0.0,0.0
2025-01-11 01:50:00+00:00,0.0,0.0,0,0.0,0.0
2025-01-11 01:51:00+00:00,0.0,0.0,0,0.0,0.0
2025-01-11 01:52:00+00:00,0.0,0.0,0,0.0,0.0
2025-01-11 01:53:00+00:00,0.0,0.0,0,0.0,0.0
2025-01-11 01:54:00+00:00,0.0,0.0,0,0.0,0.0
2025-01-11 01:55:00+00:00,0.0,0.0,0,0.0,0.0
2025-01-11 01:56:00+00:00,0.0,0.0,0,0.0,0.0
2025-01-11 01:57:00+00:00,0.0,0.0,0,0.0,0.0
2025-01-11 01:58:00+00:00,0.0,0.0,0,0.0,0.0
2025-01-11 01:59:00+00:00,0.0,0.0,0,0.0,0.0
2025-01-11 02:00:00+00:00,0.0,0.0,0,0.0,0.0
2025-01-11 02:01:00+00:00,0.0,0.0,0,0.0,0.0
2025-01-11 02:02:00+00:00,0.0,0.0,0,0.0,0.0
2025-01-11 02:03:00+00:00,0.0,0.0,0,0.0,0.0
2025-01-11 02:04:00+00:00,0.0,0.0,0,0.0,0.0
2025-01-11 02:05:00+00:00,0.0,0.0,0,0.0,0.0
2025-01-11 02:06:00+00:00,0.0,0.0,0,0.0,0.0
2025-01-11 02:07:00+00:00,0.0,0.0,0,0.0,0.0
2025-01-11 02:08:00+00:00,0.0,0.0,0,0.0,0.0
2025-01-11 02:09:00+00:00,0.0,0.0,0,0.0,0.0
2025-01-11 02:10:00+00:00,0.0,0.0,0,0.0,0.0
2025-01-11 02:11:00+00:00,0.0,0.0,0,0.0,0.0
2025-01-11 02:12:00+00:00,0.0,0.0,0,0.0,0.0
2025-01-11 02:13:00+00:00,0.0,0.0,0,0.0,0.0
2025-01-11 02:14:00+00:00,0.0,0.0,0,0.0,0.0
2025-01-11 02:15:00+00:00,0.0,0.0,0,0.0,0.0
2025-01-11 02:16:00+00:00,0.0,0.0,0,0.0,0.0
2025-01-11 02:17:00+00:00,0.0,0.0,0,0.0,0.0
2025-01-11 02:18:00+00:00,0.0,0.0,0,0.0,0.0
2025-01-11 02:19:00+00:00,0.0,0.0,0,0.0,0.0
2025-01-11 02:20:00+00:00,0.0,0.0,0,0.0,0.0
2025-01-11 02:21:00+00:00,0.0,0.0,0,0.0,0.0
2025-01-11 02:22:00+00:00,0.0,0.0,0,0.0,0.0
2025-01-11 02:23:00+00:00,0.0,0.0,0,0.0,0.0
2025-01-11 02:24:00+00:00,0.0,0.0,0,0.0,0.0
2025-01-11 02:25:00+00:00,0.0,0.0,0,0.0,0.0
2025-01-11 02:26:00+00:00,0.0,0.0,0,0.0,0.0
2025-01-11 02:27:00+00:00,0.0,0.0,0,0.0,0.0
2025-01-11 02:28:00+00:00,0.0,0.0,0,0.0,0.0
2025-01-11 02:29:00+00:00,0.0,0.0,0,0.0,0.0
2025-01-11 02:30:00+00:00,0.0,0.0,0,0.0,0.0
2025-01-11 02:31:00+00:00,0.0,0.0,0,0.0,0.0
2025-01-11 02:32:00+00:00,0.0,0.0,0,0.0,0.0
2025-01-11 02:33:00+00:00,0.0,0.0,0,0.0,0.0
2025-01-11 02:34:00+00:00,0.0,0.0,0,0.0,0.0
2025-01-11 02:35:00+00:00,0.0,0.0,0,0.0,0.0
2025-01-11 02:36:00+00:00,0.0,0.0,0,0.0,0.0
2025-01-11 02:37:00+00:00,0.0,0.0,0,0.0,0.0
2025-01-11 02:38:00+00:00,0.0,0.0,0,0.0,0.0
2025-01-11 02:39:00+00:00,0.0,0.0,0,0.0,0.0
2025-01-11 02:40:00+00:00,0.0,0.0,0,0.0,0.0
2025-01-11 02:41:00+00:00,0.0,0.0,0,0.0,0.0
2025-01-11 02:42:00+00:00,0.0,0.0,0,0.0,0.0
2025-01-11 02:43:00+00:00,0.0,0.0,0,0.0,0.0
2025-01-11 02:44:00+00:00,0.0,0.0,0,0.0,0.0
2025-01-11 02:45:00+00:00,0.0,0.0,0,0.0,0.0
2025-01-11 02:46:00+00:00,0.0,0.0,0,0.0,0.0
2025-01-11 02:47:00+00:00,0.0,0.0,0,0.0,0.0
2025-01-11 02:48:00+00:00,0.0,0.0,0,0.0,0.0
2025-01-11 02:49:00+00:00,0.0,0.0,0,0.0,0.0
2025-01-11 02:50:00+00:00,0.0,0.0,0,0.0,0.0
2025-01-11 02:51:00+00:00,0.0,0.0,0,0.0,0.0
2025-01-11 02:52:00+00:00,0.0,0.0,0,0.0,0.0
2025-01-11 02:53:00+00:00,0.0,0.0,0,0.0,0.0
2025-01-11 02:54:00+00:00,0.0,0.0,0,0.0,0.0
2025-01-11 02:55:00+00:00,0.0,0.0,0,0.0,0.0
2025-01-11 02:56:00+00:00,0.0,0.0,0,0.0,0.0
2025-01-11 02:57:00+00:00,0.0,0.0,0,0.0,0.0
2025-01-11 02:58:00+00:00,0.0,0.0,0,0.0,0.0
2025-01-11 02:59:00+00:00,0.0,0.0,0,0.0,0.0
2025-01-11 03:00:00+00:00,0.0,0.0,0,0.0,0.0
2025-01-11 03:01:00+00:00,0.0,0.0,0,0.0,0.0
2025-01-11 03:02:00+00:00,0.0,0.0,0,0.0,0.0
2025-01-11 03:03:00+00:00,0.0,0.0,0,0.0,0.0
2025-01-11 03:04:00+00:00,0.0,0.0,0,0.0,0.0
2025-01-11 03:05:00+00:00,0.0,0.0,0,0.0,0.0
2025-01-11 03:06:00+00:00,0.0,0.0,0,0.0,0.0
2025-01-11 03:07:00+00:00,0.0,0.0,0,0.0,0.0
2025-01-11 03:08:00+00:00,0.0,0.0,0,0.0,0.0
2025-01-11 03:09:00+00:00,0.0,0.0,0,0.0,0.0
2025-01-11 03:10:00+00:00,0.0,0.0,0,0.0,0.0
2025-01-11 03:11:00+00:00,0.0,0.0,0,0.0,0.0
2025-01-11 03:12:00+00:00,0.0,0.0,0,0.0,0.0
2025-01-11 03:13:00+00:00,0.0,0.0,0,0.0,0.0
2025-01-11 03:14:00+00:00,0.0,0.0,0,0.0,0.0
2025-01-11 03:15:00+00:00,0.0,0.0,0,0.0,0.0
2025-01-11 03:16:00+00:00,0.0,0.0,0,0.0,0.0
2025-01-11 03:17:00+00:00,0.0,0.0,0,0.0,0.0
2025-01-11 03:18:00+00:00,0.0,0.0,0,0.0,0.0
2025-01-11 03:19:00+00:00,0.0,0.0,0,0.0,0.0
2025-01-11 03:20:00+00:00,0.0,0.0,0,0.0,0.0
2025-01-11 03:21:00+00:00,0.0,0.0,0,0.0,0.0
2025-01-11 03:22:00+00:00,0.0,0.0,0,0.0,0.0
2025-01-11 03:23:00+00:00,0.0,0.0,0,0.0,0.0
2025-01-11 03:24:00+00:00,0.0,0.0,0,0.0,0.0
2025-01-11 03:25:00+00:00,0.0,0.0,0,0.0,0.0
2025-01-11 03:26:00+00:00,0.0,0.0,0,0.0,0.0
2025-01-11 03:27:00+00:00,0.0,0.0,0,0.0,0.0
2025-01-11 03:28:00+00:00,0.0,0.0,0,0.0,0.0
2025-01-11 03:29:00+00:00,0.0,0.0,0,0.0,0.0
2025-01-11 03:30:00+00:00,0.0,0.0,0,0.0,0.0
2025-01-11 03:31:00+00:00,0.0,0.0,0,0.0,0.0
2025-01-11 03:32:00+00:00,0.0,0.0,0,0.0,0.0
2025-01-11 03:33:00+00:00,0.0,0.0,0,0.0,0.0
2025-01-11 03:34:00+00:00,0.0,0.0,0,0.0,0.0
2025-01-11 03:35:00+00:00,0.0,0.0,0,0.0,0.0
2025-01-11 03:36:00+00:00,0.0,0.0,0,0.0,0.0
2025-01-11 03:37:00+00:00,0.0,0.0,0,0.0,0.0
2025-01-11 03:38:00+00:00,0.0,0.0,0,0.0,0.0
2025-01-11 03:39:00+00:00,0.0,0.0,0,0.0,0.0
2025-01-11 03:40:00+00:00,0.0,0.0,0,0.0,0.0
2025-01-11 03:41:00+00:00,0.0,0.0,0,0.0,0.0
2025-01-11 03:42:00+00:00,0.0,0.0,0,0.0,0.0
2025-01-11 03:43:00+00:00,0.0,0.0,0,0.0,0.0
2025-01-11 03:44:00+00:00,0.0,0.0,0,0.0,0.0
2025-01-11 03:45:00+00:00,0.0,0.0,0,0.0,0.0
2025-01-11 03:46:00+00:00,0.0,0.0,0,0.0,0.0
2025-01-11 03:47:00+00:00,0.0,0.0,0,0.0,0.0
2025-01-11 03:48:00+00:00,0.0,0.0,0,0.0,0.0
2025-01-11 03:49:00+00:00,0.0,0.0,0,0.0,0.0
2025-01-11 03:50:00+00:00,0.0,0.0,0,0.0,0.0
2025-01-11 03:51:00+00:00,0.0,0.0,0,0.0,0.0
2025-01-11 03:52:00+00:00,0.0,0.0,0,0.0,0.0
2025-01-11 03:53:00+00:00,0.0,0.0,0,0.0,0.0
2025-01-11 03:54:00+00:00,0.0,0.0,0,0.0,0.0
2025-01-11 03:55:00+00:00,0.0,0.0,0,0.0,0.0
2025-01-11 03:56:00+00:00,0.0,0.0,0,0.0,0.0
2025-01-11 03:57:00+00:00,0.0,0.0,0,0.0,0.0
2025-01-11 03:58:00+00:00,0.0,0.0,0,0.0,0.0
2025-01-11 03:59:00+00:00,0.0,0.0,0,0.0,0.0
2025-01-11 04:00:00+00:00,0.0,0.0,0,0.0,0.0
2025-01-11 04:01:00+00:00,0.0,0.0,0,0.0,0.0
2025-01-11 04:02:00+00:00,0.0,0.0,0,0.0,0.0
2025-01-11 04:03:00+00:00,0.0,0.0,0,0.0,0.0
2025-01-11 04:04:00+00:00,0.0,0.0,0,0.0,0.0
2025-01-11 04:05:00+00:00,0.0,0.0,0,0.0,0.0
2025-01-11 04:06:00+00:00,0.0,0.0,0,0.0,0.0
2025-01-11 04:07:00+00:00,0.0,0.0,0,0.0,0.0
2025-01-11 04:08:00+00:00,0.0,0.0,0,0.0,0.0
2025-01-11 04:09:00+00:00,0.0,0.0,0,0.0,0.0
2025-01-11 04:10:00+00:00,0.0,0.0,0,0.0,0.0
2025-01-11 04:11:00+00:00,0.0,0.0,0,0.0,0.0
2025-01-11 04:12:00+00:00,0.0,0.0,0,0.0,0.0
2025-01-11 04:13:00+00:00,0.0,0.0,0,0.0,0.0
2025-01-11 04:14:00+00:00,0.0,0.0,0,0.0,0.0
2025-01-11 04:15:00+00:00,0.0,0.0,0,0.0,0.0
2025-01-11 04:16:00+00:00,0.0,0.0,0,0.0,0.0
2025-01-11 04:17:00+00:00,0.0,0.0,0,0.0,0.0
2025-01-11 04:18:00+00:00,0.0,0.0,0,0.0,0.0
2025-01-11 04:19:00+00:00,0.0,0.0,0,0.0,0.0
2025-01-11 04:20:00+00:00,0.0,0.0,0,0.0,0.0
2025-01-11 04:21:00+00:00,0.0,0.0,0,0.0,0.0
2025-01-11 04:22:00+00:00,0.0,0.0,0,0.0,0.0
2025-01-11 04:23:00+00:00,0.0,0.0,0,0.0,0.0
2025-01-11 04:24:00+00:00,0.0,0.0,0,0.0,0.0
2025-01-11 04:25:00+00:00,0.0,0.0,0,0.0,0.0
2025-01-11 04:26:00+00:00,0.0,0.0,0,0.0,0.0
2025-01-11 04:27:00+00:00,0.0,0.0,0,0.0,0.0
2025-01-11 04:28:00+00:00,0.0,0.0,0,0.0,0.0
2025-01-11 04:29:00+00:00,0.0,0.0,0,0.0,0.0
2025-01-11 04:30:00+00:00,0.0,0.0,0,0.0,0.0
2025-01-11 04:31:00+00:00,0.0,0.0,0,0.0,0.0
2025-01-11 04:32:00+00:00,0.0,0.0,0,0.0,0.0
2025-01-11 04:33:00+00:00,0.0,0.0,0,0.0,0.0
2025-01-11 04:34:00+00:00,0.0,0.0,0,0.0,0.0
2025-01-11 04:35:00+00:00,0.0,0.0,0,0.0,0.0
2025-01-11 04:36:00+00:00,0.0,0.0,0,0.0,0.0
2025-01-11 04:37:00+00:00,0.0,0.0,0,0.0,0.0
2025-01-11 04:38:00+00:00,0.0,0.0,0,0.0,0.0
2025-01-11 04:39:00+00:00,0.0,0.0,0,0.0,0.0
2025-01-11 04:40:00+00:00,0.0,0.0,0,0.0,0.0
2025-01-11 04:41:00+00:00,0.0,0.0,0,0.0,0.0
2025-01-11 04:42:00+00:00,0.0,0.0,0,0.0,0.0
2025-01-11 04:43:00+00:00,0.0,0.0,0,0.0,0.0
2025-01-11 04:44:00+00:00,0.0,0.0,0,0.0,0.0
2025-01-11 04:45:00+00:00,0.0,0.0,0,0.0,0.0
2025-01-11 04:46:00+00:00,0.0,0.0,0,0.0,0.0
2025-01-11 04:47:00+00:00,0.0,0.0,0,0.0,0.0
2025-01-11 04:48:00+00:00,0.0,0.0,0,0.0,0.0
2025-01-11 04:49:00+00:00,0.0,0.0,0,0.0,0.0
2025-01-11 04:50:00+00:00,0.0,0.0,0,0.0,0.0
2025-01-11 04:51:00+00:00,0.0,0.0,0,0.0,0.0
2025-01-11 04:52:00+00:00,0.0,0.0,0,0.0,0.0
2025-01-11 04:53:00+00:00,0.0,0.0,0,0.0,0.0
2025-01-11 04:54:00+00:00,0.0,0.0,0,0.0,0.0
2025-01-11 04:55:00+00:00,0.0,0.0,0,0.0,0.0
2025-01-11 04:56:00+00:00,0.0,0.0,0,0.0,0.0
2025-01-11 04:57:00+00:00,0.0,0.0,0,0.0,0.0
2025-01-11 04:58:00+00:00,0.0,0.0,0,0.0,0.0
2025-01-11 04:59:00+00:00,0.0,0.0,0,0.0,0.0
2025-01-11 05:00:00+00:00,0.0,0.0,0,0.0,0.0
2025-01-11 05:01:00+00:00,0.0,0.0,0,0.0,0.0
2025-01-11 05:02:00+00:00,0.0,0.0,0,0.0,0.0
2025-01-11 05:03:00+00:00,0.0,0.0,0,0.0,0.0
2025-01-11 05:04:00+00:00,0.0,0.0,0,0.0,0.0
2025-01-11 05:05:00+00:00,0.0,0.0,0,0.0,0.0
2025-01-11 05:06:00+00:00,0.0,0.0,0,0.0,0.0
2025-01-11 05:07:00+00:00,0.0,0.0,0,0.0,0.0
2025-01-11 05:08:00+00:00,0.0,0.0,0,0.0,0.0
2025-01-11 05:09:00+00:00,0.0,0.0,0,0.0,0.0
2025-01-11 05:10:00+00:00,0.0,0.0,0,0.0,0.0
2025-01-11 05:11:00+00:00,0.0,0.0,0,0.0,0.0
2025-01-11 05:12:00+00:00,0.0,0.0,0,0.0,0.0
2025-01-11 05:13:00+00:00,0.0,0.0,0,0.0,0.0
2025-01-11 05:14:00+00:00,0.0,0.0,0,0.0,0.0
2025-01-11 05:15:00+00:00,0.0,0.0,0,0.0,0.0
2025-01-11 05:16:00+00:00,0.0,0.0,0,0.0,0.0
2025-01-11 05:17:00+00:00,0.0,0.0,0,0.0,0.0
2025-01-11 05:18:00+00:00,0.0,0.0,0,0.0,0.0
2025-01-11 05:19:00+00:00,0.0,0.0,0,0.0,0.0
2025-01-11 05:20:00+00:00,0.0,0.0,0,0.0,0.0
2025-01-11 05:21:00+00:00,0.0,0.0,0,0.0,0.0
2025-01-11 05:22:00+00:00,0.0,0.0,0,0.0,0.0
2025-01-11 05:23:00+00:00,0.0,0.0,0,0.0,0.0
2025-01-11 05:24:00+00:00,0.0,0.0,0,0.0,0.0
2025-01-11 05:25:00+00:00,0.0,0.0,0,0.0,0.0
2025-01-11 05:26:00+00:00,0.0,0.0,0,0.0,0.0
2025-01-11 05:27:00+00:00,0.0,0.0,0,0.0,0.0
2025-01-11 05:28:00+00:00,0.0,0.0,0,0.0,0.0
2025-01-11 05:29:00+00:00,0.0,0.0,0,0.0,0.0
2025-01-11 05:30:00+00:00,0.0,0.0,0,0.0,0.0
2025-01-11 05:31:00+00:00,0.0,0.0,0,0.0,0.0
2025-01-11 05:32:00+00:00,0.0,0.0,0,0.0,0.0
2025-01-11 05:33:00+00:00,0.0,0.0,0,0.0,0.0
2025-01-11 05:34:00+00:00,0.0,0.0,0,0.0,0.0
2025-01-11 05:35:00+00:00,0.0,0.0,0,0.0,0.0
2025-01-11 05:36:00+00:00,0.0,0.0,0,0.0,0.0
2025-01-11 05:37:00+00:00,0.0,0.0,0,0.0,0.0
2025-01-11 05:38:00+00:00,0.0,0.0,0,0.0,0.0
2025-01-11 05:39:00+00:00,0.0,0.0,0,0.0,0.0
2025-01-11 05:40:00+00:00,0.0,0.0,0,0.0,0.0
2025-01-11 05:41:00+00:00,0.0,0.0,0,0.0,0.0
2025-01-11 05:42:00+00:00,0.0,0.0,0,0.0,0.0
2025-01-11 05:43:00+00:00,0.0,0.0,0,0.0,0.0
2025-01-11 05:44:00+00:00,0.0,0.0,0,0.0,0.0
2025-01-11 05:45:00+00:00,0.0,0.0,0,0.0,0.0
2025-01-11 05:46:00+00:00,0.0,0.0,0,0.0,0.0
2025-01-11 05:47:00+00:00,0.0,0.0,0,0.0,0.0
2025-01-11 05:48:00+00:00,0.0,0.0,0,0.0,0.0
2025-01-11 05:49:00+00:00,0.0,0.0,0,0.0,0.0
2025-01-11 05:50:00+00:00,0.0,0.0,0,0.0,0.0
2025-01-11 05:51:00+00:00,0.0,0.0,0,0.0,0.0
2025-01-11 05:52:00+00:00,0.0,0.0,0,0.0,0.0
2025-01-11 05:53:00+00:00,0.0,0.0,0,0.0,0.0
2025-01-11 05:54:00+00:00,0.0,0.0,0,0.0,0.0
2025-01-11 05:55:00+00:00,0.0,0.0,0,0.0,0.0
2025-01-11 05:56:00+00:00,0.0,0.0,0,0.0,0.0
2025-01-11 05:57:00+00:00,0.0,0.0,0,0.0,0.0
2025-01-11 05:58:00+00:00,0.0,0.0,0,0.0,0.0
2025-01-11 05:59:00+00:00,0.0,0.0,0,0.0,0.0
2025-01-11 06:00:00+00:00,0.0,0.0,0,0.0,0.0
2025-01-11 06:01:00+00:00,0.0,0.0,0,0.0,0.0
2025-01-11 06:02:00+00:00,0.0,0.0,0,0.0,0.0
2025-01-11 06:03:00+00:00,0.0,0.0,0,0.0,0.0
2025-01-11 06:04:00+00:00,0.0,0.0,0,0.0,0.0
2025-01-11 06:05:00+00:00,0.0,0.0,0,0.0,0.0
2025-01-11 06:06:00+00:00,0.0,0.0,0,0.0,0.0
2025-01-11 06:07:00+00:00,0.0,0.0,0,0.0,0.0
2025-01-11 06:08:00+00:00,0.0,0.0,0,0.0,0.0
2025-01-11 06:09:00+00:00,0.0,0.0,0,0.0,0.0
2025-01-11 06:10:00+00:00,0.0,0.0,0,0.0,0.0
2025-01-11 06:11:00+00:00,0.0,0.0,0,0.0,0.0
2025-01-11 06:12:00+00:00,0.0,0.0,0,0.0,0.0
2025-01-11 06:13:00+00:00,0.0,0.0,0,0.0,0.0
2025-01-11 06:14:00+00:00,0.0,0.0,0,0.0,0.0
2025-01-11 06:15:00+00:00,0.0,0.0,0,0.0,0.0
2025-01-11 06:16:00+00:00,0.0,0.0,0,0.0,0.0
2025-01-11 06:17:00+00:00,0.0,0.0,0,0.0,0.0
2025-01-11 06:18:00+00:00,0.0,0.0,0,0.0,0.0
2025-01-11 06:19:00+00:00,0.0,0.0,0,0.0,0.0
2025-01-11 06:20:00+00:00,0.0,0.0,0,0.0,0.0
2025-01-11 06:21:00+00:00,0.0,0.0,0,0.0,0.0
2025-01-11 06:22:00+00:00,0.0,0.0,0,0.0,0.0
2025-01-11 06:23:00+00:00,0.0,0.0,0,0.0,0.0
2025-01-11 06:24:00+00:00,0.0,0.0,0,0.0,0.0
2025-01-11 06:25:00+00:00,0.0,0.0,0,0.0,0.0
2025-01-11 06:26:00+00:00,0.0,0.0,0,0.0,0.0
2025-01-11 06:27:00+00:00,0.0,0.0,0,0.0,0.0
2025-01-11 06:28:00+00:00,0.0,0.0,0,0.0,0.0
2025-01-11 06:29:00+00:00,0.0,0.0,0,0.0,0.0
2025-01-11 06:30:00+00:00,0.0,0.0,0,0.0,0.0
2025-01-11 06:31:00+00:00,0.0,0.0,0,0.0,0.0
2025-01-11 06:32:00+00:00,0.0,0.0,0,0.0,0.0
2025-01-11 06:33:00+00:00,0.0,0.0,0,0.0,0.0
2025-01-11 06:34:00+00:00,0.0,0.0,0,0.0,0.0
2025-01-11 06:35:00+00:00,0.0,0.0,0,0.0,0.0
2025-01-11 06:36:00+00:00,0.0,0.0,0,0.0,0.0
2025-01-11 06:37:00+00:00,0.0,0.0,0,0.0,0.0
2025-01-11 06:38:00+00:00,0.0,0.0,0,0.0,0.0
2025-01-11 06:39:00+00:00,0.0,0.0,0,0.0,0.0
2025-01-11 06:40:00+00:00,0.0,0.0,0,0.0,0.0
2025-01-11 06:41:00+00:00,0.0,0.0,0,0.0,0.0
2025-01-11 06:42:00+00:00,0.0,0.0,0,0.0,0.0
2025-01-11 06:43:00+00:00,0.0,0.0,0,0.0,0.0
2025-01-11 06:44:00+00:00,0.0,0.0,0,0.0,0.0
2025-01-11 06:45:00+00:00,0.0,0.0,0,0.0,0.0
2025-01-11 06:46:00+00:00,0.0,0.0,0,0.0,0.0
2025-01-11 06:47:00+00:00,0.0,0.0,0,0.0,0.0
2025-01-11 06:48:00+00:00,0.0,0.0,0,0.0,0.0
2025-01-11 06:49:00+00:00,0.0,0.0,0,0.0,0.0
2025-01-11 06:50:00+00:00,0.0,0.0,0,0.0,0.0
2025-01-11 06:51:00+00:00,0.0,0.0,0,0.0,0.0
2025-01-11 06:52:00+00:00,0.0,0.0,0,0.0,0.0
2025-01-11 06:53:00+00:00,0.0,0.0,0,0.0,0.0
2025-01-11 06:54:00+00:00,0.0,0.0,0,0.0,0.0
2025-01-11 06:55:00+00:00,0.0,0.0,0,0.0,0.0
2025-01-11 06:56:00+00:00,0.0,0.0,0,0.0,0.0
2025-01-11 06:57:00+00:00,0.0,0.0,0,0.0,0.0
2025-01-11 06:58:00+00:00,0.0,0.0,0,0.0,0.0
2025-01-11 06:59:00+00:00,0.0,0.0,0,0.0,0.0
2025-01-11 07:00:00+00:00,0.0,0.0,0,0.0,0.0
2025-01-11 07:01:00+00:00,0.0,0.0,0,0.0,0.0
2025-01-11 07:02:00+00:00,0.0,0.0,0,0.0,0.0
2025-01-11 07:03:00+00:00,0.0,0.0,0,0.0,0.0
2025-01-11 07:04:00+00:00,0.0,0.0,0,0.0,0.0
2025-01-11 07:05:00+00:00,0.0,0.0,0,0.0,0.0
2025-01-11 07:06:00+00:00,0.0,0.0,0,0.0,0.0
2025-01-11 07:07:00+00:00,0.0,0.0,0,0.0,0.0
2025-01-11 07:08:00+00:00,0.0,0.0,0,0.0,0.0
2025-01-11 07:09:00+00:00,0.0,0.0,0,0.0,0.0
2025-01-11 07:10:00+00:00,0.0,0.0,0,0.0,0.0
2025-01-11 07:11:00+00:00,0.0,0.0,0,0.0,0.0
2025-01-11 07:12:00+00:00,0.0,0.0,0,0.0,0.0
2025-01-11 07:13:00+00:00,0.0,0.0,0,0.0,0.0
2025-01-11 07:14:00+00:00,0.0,0.0,0,0.0,0.0
2025-01-11 07:15:00+00:00,0.0,0.0,0,0.0,0.0
2025-01-11 07:16:00+00:00,0.0,0.0,0,0.0,0.0
2025-01-11 07:17:00+00:00,0.0,0.0,0,0.0,0.0
2025-01-11 07:18:00+00:00,0.0,0.0,0,0.0,0.0
2025-01-11 07:19:00+00:00,0.0,0.0,0,0.0,0.0
2025-01-11 07:20:00+00:00,0.0,0.0,0,0.0,0.0
2025-01-11 07:21:00+00:00,0.0,0.0,0,0.0,0.0
2025-01-11 07:22:00+00:00,0.0,0.0,0,0.0,0.0
2025-01-11 07:23:00+00:00,0.0,0.0,0,0.0,0.0
2025-01-11 07:24:00+00:00,0.0,0.0,0,0.0,0.0
2025-01-11 07:25:00+00:00,0.0,0.0,0,0.0,0.0
2025-01-11 07:26:00+00:00,0.0,0.0,0,0.0,0.0
2025-01-11 07:27:00+00:00,0.0,0.0,0,0.0,0.0
2025-01-11 07:28:00+00:00,0.0,0.0,0,0.0,0.0
2025-01-11 07:29:00+00:00,0.0,0.0,0,0.0,0.0
2025-01-11 07:30:00+00:00,0.0,0.0,0,0.0,0.0
2025-01-11 07:31:00+00:00,0.0,0.0,0,0.0,0.0
2025-01-11 07:32:00+00:00,0.0,0.0,0,0.0,0.0
2025-01-11 07:33:00+00:00,0.0,0.0,0,0.0,0.0
2025-01-11 07:34:00+00:00,0.0,0.0,0,0.0,0.0
2025-01-11 07:35:00+00:00,0.0,0.0,0,0.0,0.0
2025-01-11 07:36:00+00:00,0.0,0.0,0,0.0,0.0
2025-01-11 07:37:00+00:00,0.0,0.0,0,0.0,0.0
2025-01-11 07:38:00+00:00,0.0,0.0,0,0.0,0.0
2025-01-11 07:39:00+00:00,0.0,0.0,0,0.0,0.0
2025-01-11 07:40:00+00:00,0.0,0.0,0,0.0,0.0
2025-01-11 07:41:00+00:00,0.0,0.0,0,0.0,0.0
2025-01-11 07:42:00+00:00,0.0,0.0,0,0.0,0.0
2025-01-11 07:43:00+00:00,0.0,0.0,0,0.0,0.0
2025-01-11 07:44:00+00:00,0.0,0.0,0,0.0,0.0
2025-01-11 07:45:00+00:00,0.0,0.0,0,0.0,0.0
2025-01-11 07:46:00+00:00,0.0,0.0,0,0.0,0.0
2025-01-11 07:47:00+00:00,0.0,0.0,0,0.0,0.0
2025-01-11 07:48:00+00:00,0.0,0.0,0,0.0,0.0
2025-01-11 07:49:00+00:00,0.0,0.0,0,0.0,0.0
2025-01-11 07:50:00+00:00,0.0,0.0,0,0.0,0.0
2025-01-11 07:51:00+00:00,0.0,0.0,0,0.0,0.0
2025-01-11 07:52:00+00:00,0.0,0.0,0,0.0,0.0
2025-01-11 07:53:00+00:00,0.0,0.0,0,0.0,0.0
2025-01-11 07:54:00+00:00,0.0,0.0,0,0.0,0.0
2025-01-11 07:55:00+00:00,0.0,0.0,0,0.0,0.0
2025-01-11 07:56:00+00:00,0.0,0.0,0,0.0,0.0
2025-01-11 07:57:00+00:00,0.0,0.0,0,0.0,0.0
2025-01-11 07:58:00+00:00,0.0,0.0,0,0.0,0.0
2025-01-11 07:59:00+00:00,0.0,0.0,0,0.0,0.0
2025-01-11 08:00:00+00:00,0.0,0.0,0,0.0,0.0
2025-01-11 08:01:00+00:00,0.0,0.0,0,0.0,0.0
2025-01-11 08:02:00+00:00,0.0,0.0,0,0.0,0.0
2025-01-11 08:03:00+00:00,0.0,0.0,0,0.0,0.0
2025-01-11 08:04:00+00:00,0.0,0.0,0,0.0,0.0
2025-01-11 08:05:00+00:00,0.0,0.0,0,0.0,0.0
2025-01-11 08:06:00+00:00,0.0,0.0,0,0.0,0.0
2025-01-11 08:07:00+00:00,0.0,0.0,0,0.0,0.0
2025-01-11 08:08:00+00:00,0.0,0.0,0,0.0,0.0
2025-01-11 08:09:00+00:00,0.0,0.0,0,0.0,0.0
2025-01-11 08:10:00+00:00,0.0,0.0,0,0.0,0.0
2025-01-11 08:11:00+00:00,0.0,0.0,0,0.0,0.0
2025-01-11 08:12:00+00:00,0.0,0.0,0,0.0,0.0
2025-01-11 08:13:00+00:00,0.0,0.0,0,0.0,0.0
2025-01-11 08:14:00+00:00,0.0,0.0,0,0.0,0.0
2025-01-11 08:15:00+00:00,0.0038195359108227633,0.0038195359108227633,0,6.039216541502853e-05,0.0
2025-01-11 08:16:00+00:00,0.009755708728259753,0.009755708728259753,0,0.00021464346426745595,0.0
2025-01-11 08:17:00+00:00,0.016334380082287797,0.016334380082287797,0,0.0004729126904020461,0.0
2025-01-11 08:18:00+00:00,0.023571081688992794,0.023571081688992794,0,0.0008456042156575754,0.0
2025-01-11 08:19:00+00:00,0.03147677086424289,0.03147677086424289,0,0.0013432956622487463,0.0
2025-01-11 08:20:00+00:00,0.040057928995301924,0.040057928995301924,0,0.0019766671321210186,0.0
2025-01-11 08:21:00+00:00,0.04931674676014808,0.04931674676014808,0,0.0027564333648800064,0.0
2025-01-11 08:22:00+00:00,0.05925134205446017,0.05925134205446017,0,0.0036932793414490793,0.0
2025-01-11 08:23:00+00:00,0.06985608911310669,0.06985608911310669,0,0.004797801091594623,0.0
2025-01-11 08:24:00+00:00,0.08112192050730531,0.08112192050730531,0,0.006080451276445657,0.0
2025-01-11 08:25:00+00:00,0.09303668074222712,0.09303668074222712,0,0.007551490361882469,0.0
2025-01-11 08:26:00+00:00,0.1055854838470215,0.1055854838470215,0,0.009220943445919996,0.0
2025-01-11 08:27:00+00:00,0.11875107150630168,0.11875107150630168,0,0.011098562748647175,0.0
2025-01-11 08:28:00+00:00,0.1325141635645315,0.1325141635645315,0,0.013193795644127258,0.0
2025-01-11 08:29:00+00:00,0.1468537952299467,0.1468537952299467,0,0.015515758023960269,0.0
2025-01-11 08:30:00+00:00,0.16174763599893857,0.16174763599893857,0,0.018073212703482718,0.0
2025-01-11 08:31:00+00:00,0.17717228712024521,0.17717228712024521,0,0.020874552531289163,0.0
2025-01-11 08:32:00+00:00,0.19310356650718705,0.19310356650718705,0,0.023927788003611745,0.0
2025-01-11 08:33:00+00:00,0.20951671455003246,0.20951671455003246,0,0.02724053813287896,0.0
2025-01-11 08:34:00+00:00,0.22638668262779776,0.22638668262779776,0,0.03082002587804653,0.0
2025-01-11 08:35:00+00:00,0.24368828981637378,0.24368828981637378,0,0.03467307605270131,0.0
2025-01-11 08:36:00+00:00,0.2613964086219778,0.2613964086219778,0,0.03880611616986894,0.0
2025-01-11 08:37:00+00:00,0.27948611739184515,0.27948611739184515,0,0.043225179696646084,0.0
2025-01-11 08:38:00+00:00,0.29793283084892364,0.29793283084892364,0,0.04793591137276746,0.0
2025-01-11 08:39:00+00:00,0.3167124109321292,0.3167124109321292,0,0.05294357428171116,0.0
2025-01-11 08:40:00+00:00,0.33580125909496966,0.33580125909496966,0,0.058253058381173346,0.0
2025-01-11 08:41:00+00:00,0.35517639187844263,0.35517639187844263,0,0.06386889022845539,0.0
2025-01-11 08:42:00+00:00,0.3748155015982649,0.3748155015982649,0,0.06979524366540038,0.0
2025-01-11 08:43:00+00:00,0.3946970032081502,0.3946970032081502,0,0.07603595124430308,0.0
2025-01-11 08:44:00+00:00,0.41480008313996414,0.41480008313996414,0,0.08259451642605056,0.0
2025-01-11 08:45:00+00:00,0.4351046698507949,0.4351046698507949,0,0.0894741253125711,0.0
2025-01-11 08:46:00+00:00,0.45559153021007864,0.45559153021007864,0,0.0966776599032974,0.0
2025-01-11 08:47:00+00:00,0.47624222346696365,0.47624222346696365,0,0.10420771062378988,0.0
2025-01-11 08:48:00+00:00,0.49703911526448097,0.49703911526448097,0,0.1120665890759435,0.0
2025-01-11 08:49:00+00:00,0.5179653728790212,0.5179653728790212,0,0.12025634071292406,0.0
2025-01-11 08:50:00+00:00,0.5390049554353711,0.5390049554353711,0,0.12877875735939068,0.0
2025-01-11 08:51:00+00:00,0.5601426001196104,0.5601426001196104,0,0.13763538951372506,0.0
2025-01-11 08:52:00+00:00,0.5813638053082079,0.5813638053082079,0,0.1468275583835082,0.0
2025-01-11 08:53:00+00:00,0.6026548106778822,0.6026548106778822,0,0.15635636760650656,0.0
2025-01-11 08:54:00+00:00,0.6240025756386567,0.6240025756386567,0,0.16622271463065483,0.0
2025-01-11 08:55:00+00:00,0.6453947703537555,0.6453947703537555,0,0.17642730195205075,0.0
2025-01-11 08:56:00+00:00,0.666819693845404,0.666819693845404,0,0.18697064705808894,0.0
2025-01-11 08:57:00+00:00,0.6882663350057194,0.6882663350057194,0,0.1978530933352617,0.0
2025-01-11 08:58:00+00:00,0.7097242893036264,0.7097242893036264,0,0.20907481965998037,0.0
2025-01-11 08:59:00+00:00,0.7311837473812304,0.7311837473812304,0,0.22063584980908968,0.0
2025-01-11 09:00:00+00:00,0.7526354691331348,0.7526354691331348,0,0.23253606146053998,0.0
2025-01-11 09:01:00+00:00,0.7740707580027175,0.7740707580027175,0,0.24477519478764798,0.0
2025-01-11 09:02:00+00:00,0.7954814358379375,0.7954814358379375,0,0.2573528606557929,0.0
2025-01-11 09:03:00+00:00,0.8168598178330121,0.8168598178330121,0,0.2702685484229056,0.0
2025-01-11 09:04:00+00:00,0.8381986884644802,0.8381986884644802,0,0.2835216333594739,0.0
2025-01-11 09:05:00+00:00,0.8594912778915009,0.8594912778915009,0,0.29711138369540324,0.0
2025-01-11 09:06:00+00:00,0.8807312533115136,0.8807312533115136,0,0.3110369675301987,0.0
2025-01-11 09:07:00+00:00,0.9019126401258577,0.9019126401258577,0,0.32529745849666614,0.0
2025-01-11 09:08:00+00:00,0.9230298859199081,0.9230298859199081,0,0.3398918424362276,0.0
2025-01-11 09:09:00+00:00,0.9440777831792798,0.9440777831792798,0,0.35481902285227324,0.0
2025-01-11 09:10:00+00:00,0.965051463930765,0.965051463930765,0,0.3700778262787785,0.0
2025-01-11 09:11:00+00:00,0.9859463809465298,0.9859463809465298,0,0.38566700735173387,0.0
2025-01-11 09:12:00+00:00,1.006758289984385,1.006758289984385,0,0.4015852535997686,0.0
2025-01-11 09:13:00+00:00,1.0274832324571586,1.0274832324571586,0,0.4178311899607529,0.0
2025-01-11 09:14:00+00:00,1.0481175193009566,1.0481175193009566,0,0.4344033830433355,0.0
2025-01-11 09:15:00+00:00,1.0686577154386667,1.0686577154386667,0,0.45130034514282685,0.0
2025-01-11 09:16:00+00:00,1.0891006250471227,1.0891006250471227,0,0.4685205380241365,0.0
2025-01-11 09:17:00+00:00,1.1094432911441388,1.1094432911441388,0,0.4860623766981805,0.0
2025-01-11 09:18:00+00:00,1.1296829279734213,1.1296829279734213,0,0.5039242321292002,0.0
2025-01-11 09:19:00+00:00,1.1498169900568156,1.1498169900568156,0,0.5221044350338938,0.0
2025-01-11 09:20:00+00:00,1.169843105810122,1.169843105810122,0,0.5406012786309206,0.0
2025-01-11 09:21:00+00:00,1.189759079910082,1.189759079910082,0,0.5594130214278312,0.0
2025-01-11 09:22:00+00:00,1.2095628826108702,1.2095628826108702,0,0.5785378898390774,0.0
2025-01-11 09:23:00+00:00,1.2292526398219796,1.2292526398219796,0,0.5979740806471376,0.0
2025-01-11 09:24:00+00:00,1.248826623380587,1.248826623380587,0,0.6177197633098374,0.0
2025-01-11 09:25:00+00:00,1.2682832422207466,1.2682832422207466,0,0.6377730821280403,0.0
2025-01-11 09:26:00+00:00,1.2876210338718217,1.2876210338718217,0,0.6581321582789191,0.0
2025-01-11 09:27:00+00:00,1.3068386564303909,1.3068386564303909,0,0.6787950917222906,0.0
2025-01-11 09:28:00+00:00,1.3259348811735903,1.3259348811735903,0,0.6997599629901569,0.0
2025-01-11 09:29:00+00:00,1.344908597931063,1.344908597931063,0,0.7210248350611858,0.0
2025-01-11 09:30:00+00:00,1.3637587577254602,1.3637587577254602,0,0.7425877543282567,0.0
2025-01-11 09:31:00+00:00,1.382484442784758,1.382484442784758,0,0.7644467526729996,0.0
2025-01-11 09:32:00+00:00,1.4010848095977413,1.4010848095977413,0,0.7865998486399606,0.0
2025-01-11 09:33:00+00:00,1.4195590962379936,1.4195590962379936,0,0.8090450487265717,0.0
2025-01-11 09:34:00+00:00,1.4379066169001444,1.4379066169001444,0,0.8317803485867298,0.0
2025-01-11 09:35:00+00:00,1.45612675710094,1.45612675710094,0,0.8548037341584984,0.0
2025-01-11 09:36:00+00:00,1.474218968991706,1.474218968991706,0,0.8781131827176931,0.0
2025-01-11 09:37:00+00:00,1.4921827669557528,1.4921827669557528,0,0.9017066638618552,0.0
2025-01-11 09:38:00+00:00,1.5100177236302816,1.5100177236302816,0,0.9255821404313269,0.0
2025-01-11 09:39:00+00:00,1.5277234658433476,1.5277234658433476,0,0.9497375693660841,0.0
2025-01-11 09:40:00+00:00,1.5452996828539334,1.5452996828539334,0,0.9741709026928554,0.0
2025-01-11 09:41:00+00:00,1.5627460758532439,1.5627460758532439,0,0.998880087713788,0.0
2025-01-11 09:42:00+00:00,1.5800624254379176,1.5800624254379176,0,1.023863068261957,0.0
2025-01-11 09:43:00+00:00,1.5972485414963276,1.5972485414963276,0,1.0491177851645088,0.0
2025-01-11 09:44:00+00:00,1.6143042720136247,1.6143042720136247,0,1.074642176845024,0.0
2025-01-11 09:45:00+00:00,1.6312295005435133,1.6312295005435133,0,1.1004341798859059,0.0
2025-01-11 09:46:00+00:00,1.6480241436781777,1.6480241436781777,0,1.126491729550764,0.0
2025-01-11 09:47:00+00:00,1.6646881486758516,1.6646881486758516,0,1.1528127602692875,0.0
2025-01-11 09:48:00+00:00,1.6812214913834043,1.6812214913834043,0,1.179395206089271,0.0
2025-01-11 09:49:00+00:00,1.6976241739849265,1.6976241739849265,0,1.2062370010930425,0.0
2025-01-11 09:50:00+00:00,1.713896223187196,1.713896223187196,0,1.2333360797852018,0.0
2025-01-11 09:51:00+00:00,1.7300376991513489,1.7300376991513489,0,1.2606903776215788,0.0
2025-01-11 09:52:00+00:00,1.746048650547299,1.746048650547299,0,1.288297830827543,0.0
2025-01-11 09:53:00+00:00,1.7619291780162547,1.7619291780162547,0,1.316156377219741,0.0
2025-01-11 09:54:00+00:00,1.7776793891059728,1.7776793891059728,0,1.3442639563152992,0.0
2025-01-11 09:55:00+00:00,1.7932994078512596,1.7932994078512596,0,1.3726185095925052,0.0
2025-01-11 09:56:00+00:00,1.808789373422213,1.808789373422213,0,1.4012179807301204,0.0
2025-01-11 09:57:00+00:00,1.82414943885926,1.82414943885926,0,1.430060315826687,0.0
2025-01-11 09:58:00+00:00,1.8393797700256067,1.8393797700256067,0,1.459143463603275,0.0
2025-01-11 09:59:00+00:00,1.85448054434908,1.85448054434908,0,1.4884653755863348,0.0
2025-01-11 10:00:00+00:00,0.33596819665911615,0.33596819665911615,0,1.4937774992004458,0.0
2025-01-11 10:01:00+00:00,0.3389827246162758,0.3389827246162758,0,1.499137286686631,0.0
2025-01-11 10:02:00+00:00,0.3419739251711501,0.3419739251711501,0,1.5045443692062752,0.0
2025-01-11 10:03:00+00:00,0.34494176294007334,0.34494176294007334,0,1.5099983773612977,0.0
2025-01-11 10:04:00+00:00,0.34788621075780574,0.34788621075780574,0,1.515498941324098,0.0
2025-01-11 10:05:00+00:00,0.3508072415240607,0.3508072415240607,0,1.521045690838582,0.0
2025-01-11 10:06:00+00:00,0.3537048300828921,0.3537048300828921,0,1.526638255250906,0.0
2025-01-11 10:07:00+00:00,0.35657895309548787,0.35657895309548787,0,1.5322762635382063,0.0
2025-01-11 10:08:00+00:00,0.3594295889468516,0.3594295889468516,0,1.537959344335857,0.0
2025-01-11 10:09:00+00:00,0.3622567176061878,0.3622567176061878,0,1.543687125962517,0.0
2025-01-11 10:10:00+00:00,0.3650603205463331,0.3650603205463331,0,1.5494592364439048,0.0
2025-01-11 10:11:00+00:00,0.3678403806425193,0.3678403806425193,0,1.5552753035349731,0.0
2025-01-11 10:12:00+00:00,0.3705968820774706,0.3705968820774706,0,1.5611349547405813,0.0
2025-01-11 10:13:00+00:00,0.3733298102765837,0.3733298102765837,0,1.567037817335144,0.0
2025-01-11 10:14:00+00:00,0.3760391536061235,0.3760391536061235,0,1.5729835184091303,0.0
2025-01-11 10:15:00+00:00,0.3787248960669123,0.3787248960669123,0,1.5789716848000404,0.0
2025-01-11 10:16:00+00:00,0.3813870281195,0.3813870281195,0,1.585001943194542,0.0
2025-01-11 10:17:00+00:00,0.38402553932892847,0.38402553932892847,0,1.5910739201143118,0.0
2025-01-11 10:18:00+00:00,0.386640420146706,0.386640420146706,0,1.5971872419300521,0.0
2025-01-11 10:19:00+00:00,0.38923166182186725,0.38923166182186725,0,1.6033415348740996,0.0
2025-01-11 10:20:00+00:00,0.3917992563654367,0.3917992563654367,0,1.6095364250524746,0.0
2025-01-11 10:21:00+00:00,0.394343196492681,0.394343196492681,0,1.6157715384560156,0.0
2025-01-11 10:22:00+00:00,0.39686347556968193,0.39686347556968193,0,1.6220465009706695,0.0
2025-01-11 10:23:00+00:00,0.3993600875855977,0.3993600875855977,0,1.6283609383873436,0.0
2025-01-11 10:24:00+00:00,0.40183302708107765,0.40183302708107765,0,1.6347144764106252,0.0
2025-01-11 10:25:00+00:00,0.40428229076090244,0.40428229076090244,0,1.6411067406929998,0.0
2025-01-11 10:26:00+00:00,0.40670787089667115,0.40670787089667115,0,1.6475373567647558,0.0
2025-01-11 10:27:00+00:00,0.4091097651412826,0.4091097651412826,0,1.654005950119071,0.0
2025-01-11 10:28:00+00:00,0.4114879699272767,0.4114879699272767,0,1.6605121461927161,0.0
2025-01-11 10:29:00+00:00,0.41384248205837737,0.41384248205837737,0,1.6670555703719254,0.0
2025-01-11 10:30:00+00:00,0.41617329869790437,0.41617329869790437,0,1.6736358479980802,0.0
2025-01-11 10:31:00+00:00,0.4184804173362426,0.4184804173362426,0,1.6802526043728818,0.0
2025-01-11 10:32:00+00:00,0.42076383576067017,0.42076383576067017,0,1.6869054647630455,0.0
2025-01-11 10:33:00+00:00,0.42302355204735603,0.42302355204735603,0,1.6935940544048675,0.0
2025-01-11 10:34:00+00:00,0.42525956451331026,0.42525956451331026,0,1.7003179985080343,0.0
2025-01-11 10:35:00+00:00,0.427471871711684,0.427471871711684,0,1.7070769222593554,0.0
2025-01-11 10:36:00+00:00,0.4296604738672801,0.4296604738672801,0,1.7138704508491946,0.0
2025-01-11 10:37:00+00:00,0.43182536699891094,0.43182536699891094,0,1.720698209404968,0.0
2025-01-11 10:38:00+00:00,0.4339665517278671,0.4339665517278671,0,1.7275598230639149,0.0
2025-01-11 10:39:00+00:00,0.4360840273349163,0.4360840273349163,0,1.7344549169519021,0.0
2025-01-11 10:40:00+00:00,0.4381777932606417,0.4381777932606417,0,1.741383116185952,0.0
2025-01-11 10:41:00+00:00,0.44024784907132164,0.44024784907132164,0,1.7483440458762292,0.0
2025-01-11 10:42:00+00:00,0.44229419444571744,0.44229419444571744,0,1.7553373311278184,0.0
2025-01-11 10:43:00+00:00,0.4443168291778646,0.4443168291778646,0,1.7623625970425485,0.0
2025-01-11 10:44:00+00:00,0.4463157531430329,0.4463157531430329,0,1.7694194687202758,0.0
2025-01-11 10:45:00+00:00,0.4482909663019787,0.4482909663019787,0,1.776507571260236,0.0
2025-01-11 10:46:00+00:00,0.4502424686875186,0.4502424686875186,0,1.783626529762184,0.0
2025-01-11 10:47:00+00:00,0.4521702616763757,0.4521702616763757,0,1.7907759693476426,0.0
2025-01-11 10:48:00+00:00,0.4540743428400972,0.4540743428400972,0,1.797955515099737,0.0
2025-01-11 10:49:00+00:00,0.45595471367213664,0.45595471367213664,0,1.8051647921252063,0.0
2025-01-11 10:50:00+00:00,0.4578113744080452,0.4578113744080452,0,1.812403425534514,0.0
2025-01-11 10:51:00+00:00,0.45964432531603244,0.45964432531603244,0,1.8196710404423644,0.0
2025-01-11 10:52:00+00:00,0.4614535666874442,0.4614535666874442,0,1.826967261968068,0.0
2025-01-11 10:53:00+00:00,0.46323909884461717,0.46323909884461717,0,1.8342917152360323,0.0
2025-01-11 10:54:00+00:00,0.46500092211552513,0.46500092211552513,0,1.8416440253758504,0.0
2025-01-11 10:55:00+00:00,0.46673903684258256,0.46673903684258256,0,1.8490238175225293,0.0
2025-01-11 10:56:00+00:00,0.46845344337519335,0.46845344337519335,0,1.856430716816601,0.0
2025-01-11 10:57:00+00:00,0.4701441420624167,0.4701441420624167,0,1.863864348404116,0.0
2025-01-11 10:58:00+00:00,0.4718111332624043,0.4718111332624043,0,1.871324337436788,0.0
2025-01-11 10:59:00+00:00,0.4734544184140319,0.4734544184140319,0,1.8788103090890815,0.0
2025-01-11 11:00:00+00:00,1.7597863490590582,1.7597863490590582,0,1.9066349743805753,0.0
2025-01-11 11:01:00+00:00,1.7651878589707946,1.7651878589707946,0,1.9345450450426942,0.0
2025-01-11 11:02:00+00:00,1.770507644273837,1.770507644273837,0,1.9625392288959167,0.0
2025-01-11 11:03:00+00:00,1.775745774843119,1.775745774843119,0,1.9906162348655405,0.0
2025-01-11 11:04:00+00:00,1.780902319265656,1.780902319265656,0,2.01877477296132,0.0
2025-01-11 11:05:00+00:00,1.7859773448839396,1.7859773448839396,0,2.0470135542577865,0.0
2025-01-11 11:06:00+00:00,1.7909709177897664,1.7909709177897664,0,2.075331290874476,0.0
2025-01-11 11:07:00+00:00,1.7958831028200808,1.7958831028200808,0,2.1037266959560847,0.0
2025-01-11 11:08:00+00:00,1.80071396359837,1.80071396359837,0,2.1321984836532866,0.0
2025-01-11 11:09:00+00:00,1.8054635624853106,1.8054635624853106,0,2.160745369102763,0.0
2025-01-11 11:10:00+00:00,1.8101319637247977,1.8101319637247977,0,2.189366068456981,0.0
2025-01-11 11:11:00+00:00,1.8147192209733232,1.8147192209733232,0,2.2180592987167915,0.0
2025-01-11 11:12:00+00:00,1.8192253960813733,1.8192253960813733,0,2.246823777860987,0.0
2025-01-11 11:13:00+00:00,1.8236505465571091,1.8236505465571091,0,2.275658224777644,0.0
2025-01-11 11:14:00+00:00,1.8279947286810043,1.8279947286810043,0,2.3045613592447114,0.0
2025-01-11 11:15:00+00:00,1.8322579975467184,1.8322579975467184,0,2.3335319019112455,0.0
2025-01-11 11:16:00+00:00,1.8364404070602356,1.8364404070602356,0,2.362568574278631,0.0
2025-01-11 11:17:00+00:00,1.8405420099400063,1.8405420099400063,0,2.3916700986818045,0.0
2025-01-11 11:18:00+00:00,1.8445628577549356,1.8445628577549356,0,2.4208351982710785,0.0
2025-01-11 11:19:00+00:00,1.848503000886704,1.848503000886704,0,2.45006259699337,0.0
2025-01-11 11:20:00+00:00,1.8523624885682666,1.8523624885682666,0,2.4793510195740365,0.0
2025-01-11 11:21:00+00:00,1.8561413713913222,1.8561413713913222,0,2.508699191538362,0.0
2025-01-11 11:22:00+00:00,1.8598396912253934,1.8598396912253934,0,2.5381058390736446,0.0
2025-01-11 11:23:00+00:00,1.8634574964575628,1.8634574964575628,0,2.5675696891322497,0.0
2025-01-11 11:24:00+00:00,1.866994831769112,1.866994831769112,0,2.597089469373016,0.0
2025-01-11 11:25:00+00:00,1.8704517407323686,1.8704517407323686,0,2.6266639081437213,0.0
2025-01-11 11:26:00+00:00,1.87382826581183,1.87382826581183,0,2.6562917344635655,0.0
2025-01-11 11:27:00+00:00,1.8771244483661325,1.8771244483661325,0,2.685971678005686,0.0
2025-01-11 11:28:00+00:00,1.880340328680398,1.880340328680398,0,2.7157024690801848,0.0
2025-01-11 11:29:00+00:00,1.8834759459374137,1.8834759459374137,0,2.7454828386166965,0.0
2025-01-11 11:30:00+00:00,1.886531338250093,1.886531338250093,0,2.7753115181474755,0.0
2025-01-11 11:31:00+00:00,1.8895065426630606,1.8895065426630606,0,2.805187239790502,0.0
2025-01-11 11:32:00+00:00,1.892401597069458,1.892401597069458,0,2.835108736262901,0.0
2025-01-11 11:33:00+00:00,1.8952165325281387,1.8952165325281387,0,2.8650747407728785,0.0
2025-01-11 11:34:00+00:00,1.8979513848870164,1.8979513848870164,0,2.8950839870954477,0.0
2025-01-11 11:35:00+00:00,1.900606186992762,1.900606186992762,0,2.925135209524973,0.0
2025-01-11 11:36:00+00:00,1.903180970660816,1.903180970660816,0,2.955227142858864,0.0
2025-01-11 11:37:00+00:00,1.9056757666777397,1.9056757666777397,0,2.9853585223813104,0.0
2025-01-11 11:38:00+00:00,1.9080906048265678,1.9080906048265678,0,3.0155280838474114,0.0
2025-01-11 11:39:00+00:00,1.9104255138656097,1.9104255138656097,0,3.045734563466976,0.0
2025-01-11 11:40:00+00:00,1.912680521553729,1.912680521553729,0,3.075976697888719,0.0
2025-01-11 11:41:00+00:00,1.9148556546519544,1.9148556546519544,0,3.106253224184484,0.0
2025-01-11 11:42:00+00:00,1.9169509389259263,1.9169509389259263,0,3.1365628798335052,0.0
2025-01-11 11:43:00+00:00,1.918966399167134,1.918966399167134,0,3.1669044027070052,0.0
2025-01-11 11:44:00+00:00,1.9209020604469722,1.9209020604469722,0,3.1972765310726197,0.0
2025-01-11 11:45:00+00:00,1.9227579429992454,1.9227579429992454,0,3.2276780035179087,0.0
2025-01-11 11:46:00+00:00,1.9245340700098374,1.9245340700098374,0,3.258107558997034,0.0
2025-01-11 11:47:00+00:00,1.9262304623734299,1.9262304623734299,0,3.2885639367945303,0.0
2025-01-11 11:48:00+00:00,1.9278471400353774,1.9278471400353774,0,3.3190458765102973,0.0
2025-01-11 11:49:00+00:00,1.9293841219783687,1.9293841219783687,0,3.349552118044376,0.0
2025-01-11 11:50:00+00:00,1.9308414262388993,1.9308414262388993,0,3.380081401581991,0.0
2025-01-11 11:51:00+00:00,1.9322190699093145,1.9322190699093145,0,3.4106324675786186,0.0
2025-01-11 11:52:00+00:00,1.9335170691390469,1.9335170691390469,0,3.441204056745082,0.0
2025-01-11 11:53:00+00:00,1.9347354391486244,1.9347354391486244,0,3.4717949100328607,0.0
2025-01-11 11:54:00+00:00,1.9358741942185023,1.9358741942185023,0,3.502403768619229,0.0
2025-01-11 11:55:00+00:00,1.9369333483864237,1.9369333483864237,0,3.5330293739034166,0.0
2025-01-11 11:56:00+00:00,1.937912912660533,1.937912912660533,0,3.563670467458708,0.0
2025-01-11 11:57:00+00:00,1.9388128992820701,1.9388128992820701,0,3.5943257910519377,0.0
2025-01-11 11:58:00+00:00,1.9396333188409225,1.9396333188409225,0,3.624994086617382,0.0
2025-01-11 11:59:00+00:00,1.9403741810047608,1.9403741810047608,0,3.6556740962421768,0.0
2025-01-11 12:00:00+00:00,1.9410354945288963,1.9410354945288963,0,3.6863645621518897,0.0
2025-01-11 12:01:00+00:00,1.941617267256083,1.941617267256083,0,3.717064226696095,0.0
2025-01-11 12:02:00+00:00,1.9421195061191387,1.9421195061191387,0,3.747771832333984,0.0
2025-01-11 12:03:00+00:00,1.9425422171416435,1.9425422171416435,0,3.778486121619989,0.0
2025-01-11 12:04:00+00:00,1.942885405442332,1.942885405442332,0,3.8092058371894764,0.0
2025-01-11 12:05:00+00:00,1.9431490752322491,1.9431490752322491,0,3.8399297217443955,0.0
2025-01-11 12:06:00+00:00,1.943333229915389,1.943333229915389,0,3.870656518040517,0.0
2025-01-11 12:07:00+00:00,1.9434378716483993,1.9434378716483993,0,3.9013849688677116,0.0
2025-01-11 12:08:00+00:00,1.9434630020820687,1.9434630020820687,0,3.932113817041951,0.0
2025-01-11 12:09:00+00:00,1.943408621814266,1.943408621814266,0,3.9628418053886607,0.0
2025-01-11 12:10:00+00:00,1.9432747305404645,1.9432747305404645,0,3.99356767672845,0.0
2025-01-11 12:11:00+00:00,1.9430613270534867,1.9430613270534867,0,4.024290173862842,0.0
2025-01-11 12:12:00+00:00,1.9427684092431492,1.9427684092431492,0,4.055008039559994,0.0
2025-01-11 12:13:00+00:00,1.9423959740971457,1.9423959740971457,0,4.085720016540436,0.0
2025-01-11 12:14:00+00:00,1.9419440176963358,1.9419440176963358,0,4.11642484746273,0.0
2025-01-11 12:15:00+00:00,1.941412535218565,1.941412535218565,0,4.147121274909193,0.0
2025-01-11 12:16:00+00:00,1.9408015209348843,1.9408015209348843,0,4.177808041371558,0.0
2025-01-11 12:17:00+00:00,1.9401109677187975,1.9401109677187975,0,4.208483889228883,0.0
2025-01-11 12:18:00+00:00,1.9393408689510532,1.9393408689510532,0,4.23914756075556,0.0
2025-01-11 12:19:00+00:00,1.9384912157350116,1.9384912157350116,0,4.2697977980853175,0.0
2025-01-11 12:20:00+00:00,1.9375619987001182,1.9375619987001182,0,4.3004333432037205,0.0
2025-01-11 12:21:00+00:00,1.936553207559469,1.936553207559469,0,4.331052937933684,0.0
2025-01-11 12:22:00+00:00,1.9354648311069365,1.9354648311069365,0,4.36165532392094,0.0
2025-01-11 12:23:00+00:00,1.9342968572177377,1.9342968572177377,0,4.392239242619508,0.0
2025-01-11 12:24:00+00:00,1.9330492728357416,1.9330492728357416,0,4.422803435276974,0.0
2025-01-11 12:25:00+00:00,1.9317220639841648,1.9317220639841648,0,4.453346642919931,0.0
2025-01-11 12:26:00+00:00,1.9303152157526176,1.9303152157526176,0,4.48386760633922,0.0
2025-01-11 12:27:00+00:00,1.928828712296161,1.928828712296161,0,4.514365066075147,0.0
2025-01-11 12:28:00+00:00,1.9272625368342775,1.9272625368342775,0,4.544837762402699,0.0
2025-01-11 12:29:00+00:00,1.92561667050418,1.92561667050418,0,4.575284435298616,0.0
2025-01-11 12:30:00+00:00,1.9238910968425254,1.9238910968425254,0,4.605703824479326,0.0
2025-01-11 12:31:00+00:00,1.9220857951473538,1.9220857951473538,0,4.636094669333933,0.0
2025-01-11 12:32:00+00:00,1.9202007448371732,1.9202007448371732,0,4.66645570892612,0.0
2025-01-11 12:33:00+00:00,1.918235924372888,1.918235924372888,0,4.696785681979004,0.0
2025-01-11 12:34:00+00:00,1.9161913112380138,1.9161913112380138,0,4.727083326859688,0.0
2025-01-11 12:35:00+00:00,1.9140668819550797,1.9140668819550797,0,4.7573473815640615,0.0
2025-01-11 12:36:00+00:00,1.9118626120660311,1.9118626120660311,0,4.787576583701299,0.0
2025-01-11 12:37:00+00:00,1.9095784761293375,1.9095784761293375,0,4.81776967047831,0.0
2025-01-11 12:38:00+00:00,1.9072144477202582,1.9072144477202582,0,4.847925378684191,0.0
2025-01-11 12:39:00+00:00,1.9047704994039036,1.9047704994039036,0,4.8780424446742545,0.0
2025-01-11 12:40:00+00:00,1.9022466010399741,1.9022466010399741,0,4.908119604327254,0.0
2025-01-11 12:41:00+00:00,1.8996427265793925,1.8996427265793925,0,4.938155593110071,0.0
2025-01-11 12:42:00+00:00,1.8969588439087308,1.8969588439087308,0,4.968149145981829,0.0
2025-01-11 12:43:00+00:00,1.894194921564717,1.894194921564717,0,4.998098997404171,0.0
2025-01-11 12:44:00+00:00,1.891350927035478,0.12022996081421722,0,5.0,1.7711209662212608
2025-01-11 12:45:00+00:00,1.8884268268056326,0.0,0,5.0,1.8884268268056326
2025-01-11 12:46:00+00:00,1.885422586296994,0.0,0,5.0,1.885422586296994
2025-01-11 12:47:00+00:00,1.8823381698880404,0.0,0,5.0,1.8823381698880404
2025-01-11 12:48:00+00:00,1.879173540906001,0.0,0,5.0,1.879173540906001
2025-01-11 12:49:00+00:00,1.875928661597106,0.0,0,5.0,1.875928661597106
2025-01-11 12:50:00+00:00,1.872603493153609,0.0,0,5.0,1.872603493153609
2025-01-11 12:51:00+00:00,1.869197993371524,0.0,0,5.0,1.869197993371524
2025-01-11 12:52:00+00:00,1.8657121258388418,0.0,0,5.0,1.8657121258388418
2025-01-11 12:53:00+00:00,1.862145846231003,0.0,0,5.0,1.862145846231003
2025-01-11 12:54:00+00:00,1.858499111357493,0.0,0,5.0,1.858499111357493
2025-01-11 12:55:00+00:00,1.8547718769375403,0.0,0,5.0,1.8547718769375403
2025-01-11 12:56:00+00:00,1.8509640975660062,0.0,0,5.0,1.8509640975660062
2025-01-11 12:57:00+00:00,1.8470757267104319,0.0,0,5.0,1.8470757267104319
2025-01-11 12:58:00+00:00,1.8431067167127788,0.0,0,5.0,1.8431067167127788
2025-01-11 12:59:00+00:00,1.839057018750886,0.0,0,5.0,1.839057018750886
2025-01-11 13:00:00+00:00,2.6447961388850794,0.0,0,5.0,2.6447961388850794
2025-01-11 13:01:00+00:00,2.6389362925610205,0.0,0,5.0,2.6389362925610205
2025-01-11 13:02:00+00:00,2.6329631177472814,0.0,0,5.0,2.6329631177472814
2025-01-11 13:03:00+00:00,2.626876499697233,0.0,0,5.0,2.626876499697233
2025-01-11 13:04:00+00:00,2.6206763089955825,0.0,0,5.0,2.6206763089955825
2025-01-11 13:05:00+00:00,2.614362417555926,0.0,0,5.0,2.614362417555926
2025-01-11 13:06:00+00:00,2.607934694593531,0.0,0,5.0,2.607934694593531
2025-01-11 13:07:00+00:00,2.6013930066176223,0.0,0,5.0,2.6013930066176223
2025-01-11 13:08:00+00:00,2.594737217429615,0.0,0,5.0,2.594737217429615
2025-01-11 13:09:00+00:00,2.5879671880534922,0.0,0,5.0,2.5879671880534922
2025-01-11 13:10:00+00:00,2.581082776800251,0.0,0,5.0,2.581082776800251
2025-01-11 13:11:00+00:00,2.574083839196341,0.0,0,5.0,2.574083839196341
2025-01-11 13:12:00+00:00,2.5669702279863666,0.0,0,5.0,2.5669702279863666
2025-01-11 13:13:00+00:00,2.559741793128728,0.0,0,5.0,2.559741793128728
2025-01-11 13:14:00+00:00,2.5523983767654834,0.0,0,5.0,2.5523983767654834
2025-01-11 13:15:00+00:00,2.5449398330637782,0.0,0,5.0,2.5449398330637782
2025-01-11 13:16:00+00:00,2.537365998603551,0.0,0,5.0,2.537365998603551
2025-01-11 13:17:00+00:00,2.529676711999165,0.0,0,5.0,2.529676711999165
2025-01-11 13:18:00+00:00,2.521871809015131,0.0,0,5.0,2.521871809015131
2025-01-11 13:19:00+00:00,2.5139511224983795,0.0,0,5.0,2.5139511224983795
2025-01-11 13:20:00+00:00,2.5059144824576345,0.0,0,5.0,2.5059144824576345
2025-01-11 13:21:00+00:00,2.497761715994093,0.0,0,5.0,2.497761715994093
2025-01-11 13:22:00+00:00,2.4894926473081536,0.0,0,5.0,2.4894926473081536
2025-01-11 13:23:00+00:00,2.481107097712949,0.0,0,5.0,2.481107097712949
2025-01-11 13:24:00+00:00,2.472604885563202,0.0,0,5.0,2.472604885563202
2025-01-11 13:25:00+00:00,2.4639858205297545,0.0,0,5.0,2.4639858205297545
2025-01-11 13:26:00+00:00,2.4552497267290536,0.0,0,5.0,2.4552497267290536
2025-01-11 13:27:00+00:00,2.44639640806685,0.0,0,5.0,2.44639640806685
2025-01-11 13:28:00+00:00,2.4374256712924405,0.0,0,5.0,2.4374256712924405
2025-01-11 13:29:00+00:00,2.4283373201980663,0.0,0,5.0,2.4283373201980663
2025-01-11 13:30:00+00:00,2.419131155725482,0.0,0,5.0,2.419131155725482
2025-01-11 13:31:00+00:00,2.4098069759086838,0.0,0,5.0,2.4098069759086838
2025-01-11 13:32:00+00:00,2.4003645759028234,0.0,0,5.0,2.4003645759028234
2025-01-11 13:33:00+00:00,2.390803748015436,0.0,0,5.0,2.390803748015436
2025-01-11 13:34:00+00:00,2.381124281655061,0.0,0,5.0,2.381124281655061
2025-01-11 13:35:00+00:00,2.3713259634574606,0.0,0,5.0,2.3713259634574606
2025-01-11 13:36:00+00:00,2.3614085705502914,0.0,0,5.0,2.3614085705502914
2025-01-11 13:37:00+00:00,2.351371897280232,0.0,0,5.0,2.351371897280232
2025-01-11 13:38:00+00:00,2.3412157153626514,0.0,0,5.0,2.3412157153626514
2025-01-11 13:39:00+00:00,2.3309398003661044,0.0,0,5.0,2.3309398003661044
2025-01-11 13:40:00+00:00,2.3205439252536535,0.0,0,5.0,2.3205439252536535
2025-01-11 13:41:00+00:00,2.3100278603585123,0.0,0,5.0,2.3100278603585123
2025-01-11 13:42:00+00:00,2.299391373453308,0.0,0,5.0,2.299391373453308
2025-01-11 13:43:00+00:00,2.288634229828422,0.0,0,5.0,2.288634229828422
2025-01-11 13:44:00+00:00,2.2777561922768883,0.0,0,5.0,2.2777561922768883
2025-01-11 13:45:00+00:00,2.2667570212862627,0.0,0,5.0,2.2667570212862627
2025-01-11 13:46:00+00:00,2.255636475035273,0.0,0,5.0,2.255636475035273
2025-01-11 13:47:00+00:00,2.244394301921402,0.0,0,5.0,2.244394301921402
2025-01-11 13:48:00+00:00,2.233030270913292,0.0,0,5.0,2.233030270913292
2025-01-11 13:49:00+00:00,2.2215441263334506,0.0,0,5.0,2.2215441263334506
2025-01-11 13:50:00+00:00,2.209935618174331,0.0,0,5.0,2.209935618174331
2025-01-11 13:51:00+00:00,2.1982044946357564,0.0,0,5.0,2.1982044946357564
2025-01-11 13:52:00+00:00,2.18635050227833,0.0,0,5.0,2.18635050227833
2025-01-11 13:53:00+00:00,2.1743733861901586,0.0,0,5.0,2.1743733861901586
2025-01-11 13:54:00+00:00,2.1622728900507404,0.0,0,5.0,2.1622728900507404
2025-01-11 13:55:00+00:00,2.150048756439284,0.0,0,5.0,2.150048756439284
2025-01-11 13:56:00+00:00,2.1377007269190997,0.0,0,5.0,2.1377007269190997
2025-01-11 13:57:00+00:00,2.1252285422650496,0.0,0,5.0,2.1252285422650496
2025-01-11 13:58:00+00:00,2.112631942693221,0.0,0,5.0,2.112631942693221
2025-01-11 13:59:00+00:00,2.09991065942454,0.0,0,5.0,2.09991065942454
2025-01-11 14:00:00+00:00,1.4367485525345085,0.0,0,5.0,1.4367485525345085
2025-01-11 14:01:00+00:00,1.4275520658936587,0.0,0,5.0,1.4275520658936587
2025-01-11 14:02:00+00:00,1.4182696178320235,0.0,0,5.0,1.4182696178320235
2025-01-11 14:03:00+00:00,1.408901112759285,0.0,0,5.0,1.408901112759285
2025-01-11 14:04:00+00:00,1.3994464569264946,0.0,0,5.0,1.3994464569264946
2025-01-11 14:05:00+00:00,1.389905558778594,0.0,0,5.0,1.389905558778594
2025-01-11 14:06:00+00:00,1.3802783291576164,0.0,0,5.0,1.3802783291576164
2025-01-11 14:07:00+00:00,1.3705646816033168,0.0,0,5.0,1.3705646816033168
2025-01-11 14:08:00+00:00,1.3607645326820204,0.0,0,5.0,1.3607645326820204
2025-01-11 14:09:00+00:00,1.350877802237807,0.0,0,5.0,1.350877802237807
2025-01-11 14:10:00+00:00,1.3409044071332972,0.0,0,5.0,1.3409044071332972
2025-01-11 14:11:00+00:00,1.330844288362584,0.0,0,5.0,1.330844288362584
2025-01-11 14:12:00+00:00,1.3206973713362493,0.0,0,5.0,1.3206973713362493
2025-01-11 14:13:00+00:00,1.3104635930171806,0.0,0,5.0,1.3104635930171806
2025-01-11 14:14:00+00:00,1.3001428956388,0.0,0,5.0,1.3001428956388
2025-01-11 14:15:00+00:00,1.2897352272986453,0.0,0,5.0,1.2897352272986453
2025-01-11 14:16:00+00:00,1.2792405423965185,0.0,0,5.0,1.2792405423965185
2025-01-11 14:17:00+00:00,1.2686588021991148,0.0,0,5.0,1.2686588021991148
2025-01-11 14:18:00+00:00,1.2579899754409234,0.0,0,5.0,1.2579899754409234
2025-01-11 14:19:00+00:00,1.2472340388655732,0.0,0,5.0,1.2472340388655732
2025-01-11 14:20:00+00:00,1.2363909780043132,0.0,0,5.0,1.2363909780043132
2025-01-11 14:21:00+00:00,1.2254607804430337,0.0,0,5.0,1.2254607804430337
2025-01-11 14:22:00+00:00,1.21444346596289,0.0,0,5.0,1.21444346596289
2025-01-11 14:23:00+00:00,1.2033390433840896,0.0,0,5.0,1.2033390433840896
2025-01-11 14:24:00+00:00,1.1921475405891797,0.0,0,5.0,1.1921475405891797
2025-01-11 14:25:00+00:00,1.1808689982483436,0.0,0,5.0,1.1808689982483436
2025-01-11 14:26:00+00:00,1.1695034706989504,0.0,0,5.0,1.1695034706989504
2025-01-11 14:27:00+00:00,1.158051026987371,0.0,0,5.0,1.158051026987371
2025-01-11 14:28:00+00:00,1.1465117519782129,0.0,0,5.0,1.1465117519782129
2025-01-11 14:29:00+00:00,1.134885747422565,0.0,0,5.0,1.134885747422565
2025-01-11 14:30:00+00:00,1.123173133321005,0.0,0,5.0,1.123173133321005
2025-01-11 14:31:00+00:00,1.1113740491435369,0.0,0,5.0,1.1113740491435369
2025-01-11 14:32:00+00:00,1.099488647246571,0.0,0,5.0,1.099488647246571
2025-01-11 14:33:00+00:00,1.0875171263129102,0.0,0,5.0,1.0875171263129102
2025-01-11 14:34:00+00:00,1.0754596850151643,0.0,0,5.0,1.0754596850151643
2025-01-11 14:35:00+00:00,1.063316555646935,0.0,0,5.0,1.063316555646935
2025-01-11 14:36:00+00:00,1.0510879978718584,0.0,0,5.0,1.0510879978718584
2025-01-11 14:37:00+00:00,1.0387743006388928,0.0,0,5.0,1.0387743006388928
2025-01-11 14:38:00+00:00,1.02637578419231,0.0,0,5.0,1.02637578419231
2025-01-11 14:39:00+00:00,1.0138928022316434,0.0,0,5.0,1.0138928022316434
2025-01-11 14:40:00+00:00,1.0013257440931382,0.0,0,5.0,1.0013257440931382
2025-01-11 14:41:00+00:00,0.9886750372994819,0.0,0,5.0,0.9886750372994819
2025-01-11 14:42:00+00:00,0.9759411500350517,0.0,0,5.0,0.9759411500350517
2025-01-11 14:43:00+00:00,0.9631245938909065,0.0,0,5.0,0.9631245938909065
2025-01-11 14:44:00+00:00,0.9502259181083061,0.0,0,5.0,0.9502259181083061
2025-01-11 14:45:00+00:00,0.9372457472090223,0.0,0,5.0,0.9372457472090223
2025-01-11 14:46:00+00:00,0.9241847325026591,0.0,0,5.0,0.9241847325026591
2025-01-11 14:47:00+00:00,0.9110435900041254,0.0,0,5.0,0.9110435900041254
2025-01-11 14:48:00+00:00,0.8978230955068123,0.0,0,5.0,0.8978230955068123
2025-01-11 14:49:00+00:00,0.8845240885195067,0.0,0,5.0,0.8845240885195067
2025-01-11 14:50:00+00:00,0.8711474762736294,0.0,0,5.0,0.8711474762736294
2025-01-11 14:51:00+00:00,0.8576942383712911,0.0,0,5.0,0.8576942383712911
2025-01-11 14:52:00+00:00,0.8441654311908124,0.0,0,5.0,0.8441654311908124
2025-01-11 14:53:00+00:00,0.8305621929518755,0.0,0,5.0,0.8305621929518755
2025-01-11 14:54:00+00:00,0.8168857489448095,0.0,0,5.0,0.8168857489448095
2025-01-11 14:55:00+00:00,0.8031374077330066,0.0,0,5.0,0.8031374077330066
2025-01-11 14:56:00+00:00,0.7893186040989214,0.0,0,5.0,0.7893186040989214
2025-01-11 14:57:00+00:00,0.7754308498404873,0.0,0,5.0,0.7754308498404873
2025-01-11 14:58:00+00:00,0.7614757771993993,0.0,0,5.0,0.7614757771993993
2025-01-11 14:59:00+00:00,0.7474551366433055,0.0,0,5.0,0.7474551366433055
2025-01-11 15:00:00+00:00,1.082657877902155,0.0,0,5.0,1.082657877902155
2025-01-11 15:01:00+00:00,1.0621997668229692,0.0,0,5.0,1.0621997668229692
2025-01-11 15:02:00+00:00,1.0416456173850102,0.0,0,5.0,1.0416456173850102
2025-01-11 15:03:00+00:00,1.0209986910134934,0.0,0,5.0,1.0209986910134934
2025-01-11 15:04:00+00:00,1.000262491915532,0.0,0,5.0,1.000262491915532
2025-01-11 15:05:00+00:00,0.9794407818147065,0.0,0,5.0,0.9794407818147065
2025-01-11 15:06:00+00:00,0.9585375818038618,0.0,0,5.0,0.9585375818038618
2025-01-11 15:07:00+00:00,0.9375572447694329,0.0,0,5.0,0.9375572447694329
2025-01-11 15:08:00+00:00,0.916504388588246,0.0,0,5.0,0.916504388588246
2025-01-11 15:09:00+00:00,0.8953839702633921,0.0,0,5.0,0.8953839702633921
2025-01-11 15:10:00+00:00,0.874201290702025,0.0,0,5.0,0.874201290702025
2025-01-11 15:11:00+00:00,0.8529620146956666,0.0,0,5.0,0.8529620146956666
2025-01-11 15:12:00+00:00,0.8316721913459586,0.0,0,5.0,0.8316721913459586
2025-01-11 15:13:00+00:00,0.810338275499368,0.0,0,5.0,0.810338275499368
2025-01-11 15:14:00+00:00,0.7889671499799576,0.0,0,5.0,0.7889671499799576
2025-01-11 15:15:00+00:00,0.7675661483816273,0.0,0,5.0,0.7675661483816273
2025-01-11 15:16:00+00:00,0.7461430789654588,0.0,0,5.0,0.7461430789654588
2025-01-11 15:17:00+00:00,0.7247062344314391,0.0,0,5.0,0.7247062344314391
2025-01-11 15:18:00+00:00,0.703264474337047,0.0,0,5.0,0.703264474337047
2025-01-11 15:19:00+00:00,0.6818271641946709,0.0,0,5.0,0.6818271641946709
2025-01-11 15:20:00+00:00,0.6604042584534189,0.0,0,5.0,0.6604042584534189
2025-01-11 15:21:00+00:00,0.6390063121678353,0.0,0,5.0,0.6390063121678353
2025-01-11 15:22:00+00:00,0.6176445065977806,0.0,0,5.0,0.6176445065977806
2025-01-11 15:23:00+00:00,0.5963306747436352,0.0,0,5.0,0.5963306747436352
2025-01-11 15:24:00+00:00,0.5750773263274114,0.0,0,5.0,0.5750773263274114
2025-01-11 15:25:00+00:00,0.5538976717053334,0.0,0,5.0,0.5538976717053334
2025-01-11 15:26:00+00:00,0.5328056449150065,0.0,0,5.0,0.5328056449150065
2025-01-11 15:27:00+00:00,0.5118159246390399,0.0,0,5.0,0.5118159246390399
2025-01-11 15:28:00+00:00,0.4909439531463013,0.0,0,5.0,0.4909439531463013
2025-01-11 15:29:00+00:00,0.47020593860345233,0.0,0,5.0,0.47020593860345233
2025-01-11 15:30:00+00:00,0.44961892311322615,0.0,0,5.0,0.44961892311322615
2025-01-11 15:31:00+00:00,0.4292007079618578,0.0,0,5.0,0.4292007079618578
2025-01-11 15:32:00+00:00,0.4089699125952933,0.0,0,5.0,0.4089699125952933
2025-01-11 15:33:00+00:00,0.3889459581188182,0.0,0,5.0,0.3889459581188182
2025-01-11 15:34:00+00:00,0.36914905770280815,0.0,0,5.0,0.36914905770280815
2025-01-11 15:35:00+00:00,0.3496001985981118,0.0,0,5.0,0.3496001985981118
2025-01-11 15:36:00+00:00,0.3303211150663379,0.0,0,5.0,0.3303211150663379
2025-01-11 15:37:00+00:00,0.3113342501005792,0.0,0,5.0,0.3113342501005792
2025-01-11 15:38:00+00:00,0.2926627050544191,0.0,0,5.0,0.2926627050544191
2025-01-11 15:39:00+00:00,0.2743301754122014,0.0,0,5.0,0.2743301754122014
2025-01-11 15:40:00+00:00,0.2563608590336392,0.0,0,5.0,0.2563608590336392
2025-01-11 15:41:00+00:00,0.23877940749843704,0.0,0,5.0,0.23877940749843704
2025-01-11 15:42:00+00:00,0.2216107380857413,0.0,0,5.0,0.2216107380857413
2025-01-11 15:43:00+00:00,0.20487994633754766,0.0,0,5.0,0.20487994633754766
2025-01-11 15:44:00+00:00,0.18861213611771946,0.0,0,5.0,0.18861213611771946
2025-01-11 15:45:00+00:00,0.17283223852528296,0.0,0,5.0,0.17283223852528296
2025-01-11 15:46:00+00:00,0.15756480689034244,0.0,0,5.0,0.15756480689034244
2025-01-11 15:47:00+00:00,0.14283378661782634,0.0,0,5.0,0.14283378661782634
2025-01-11 15:48:00+00:00,0.12866226020601718,0.0,0,5.0,0.12866226020601718
2025-01-11 15:49:00+00:00,0.11507216783162105,0.0,0,5.0,0.11507216783162105
2025-01-11 15:50:00+00:00,0.10208400478426878,0.0,0,5.0,0.10208400478426878
2025-01-11 15:51:00+00:00,0.08971649042733396,0.0,0,5.0,0.08971649042733396
2025-01-11 15:52:00+00:00,0.07798626073750277,0.0,0,5.0,0.07798626073750277
2025-01-11 15:53:00+00:00,0.06690746639885765,0.0,0,5.0,0.06690746639885765
2025-01-11 15:54:00+00:00,0.05649144879427515,0.0,0,5.0,0.05649144879427515
2025-01-11 15:55:00+00:00,0.04674637654196226,0.0,0,5.0,0.04674637654196226
2025-01-11 15:56:00+00:00,0.03767690347302298,0.0,0,5.0,0.03767690347302298
2025-01-11 15:57:00+00:00,0.02928385090013783,0.0,0,5.0,0.02928385090013783
2025-01-11 15:58:00+00:00,0.021563927856842184,0.0,0,5.0,0.021563927856842184
2025-01-11 15:59:00+00:00,0.014509503946901477,0.0,0,5.0,0.014509503946901477
2025-01-11 16:00:00+00:00,0.00810845039533123,0.0,0,5.0,0.00810845039533123
2025-01-11 16:01:00+00:00,0.0023440654038546487,0.0,0,5.0,0.0023440654038546487
2025-01-11 16:02:00+00:00,0.0,0.0,0,5.0,0.0
2025-01-11 16:03:00+00:00,0.0,0.0,0,5.0,0.0
2025-01-11 16:04:00+00:00,0.0,0.0,0,5.0,0.0
2025-01-11 16:05:00+00:00,0.0,0.0,0,5.0,0.0
2025-01-11 16:06:00+00:00,0.0,0.0,0,5.0,0.0
2025-01-11 16:07:00+00:00,0.0,0.0,0,5.0,0.0
2025-01-11 16:08:00+00:00,0.0,0.0,0,5.0,0.0
2025-01-11 16:09:00+00:00,0.0,0.0,0,5.0,0.0
2025-01-11 16:10:00+00:00,0.0,0.0,0,5.0,0.0
2025-01-11 16:11:00+00:00,0.0,0.0,0,5.0,0.0
2025-01-11 16:12:00+00:00,0.0,0.0,0,5.0,0.0
2025-01-11 16:13:00+00:00,0.0,0.0,0,5.0,0.0
2025-01-11 16:14:00+00:00,0.0,0.0,0,5.0,0.0
2025-01-11 16:15:00+00:00,0.0,0.0,0,5.0,0.0
2025-01-11 16:16:00+00:00,0.0,0.0,0,5.0,0.0
2025-01-11 16:17:00+00:00,0.0,0.0,0,5.0,0.0
2025-01-11 16:18:00+00:00,0.0,0.0,0,5.0,0.0
2025-01-11 16:19:00+00:00,0.0,0.0,0,5.0,0.0
2025-01-11 16:20:00+00:00,0.0,0.0,0,5.0,0.0
2025-01-11 16:21:00+00:00,0.0,0.0,0,5.0,0.0
2025-01-11 16:22:00+00:00,0.0,0.0,0,5.0,0.0
2025-01-11 16:23:00+00:00,0.0,0.0,0,5.0,0.0
2025-01-11 16:24:00+00:00,0.0,0.0,0,5.0,0.0
2025-01-11 16:25:00+00:00,0.0,0.0,0,5.0,0.0
2025-01-11 16:26:00+00:00,0.0,0.0,0,5.0,0.0
2025-01-11 16:27:00+00:00,0.0,0.0,0,5.0,0.0
2025-01-11 16:28:00+00:00,0.0,0.0,0,5.0,0.0
2025-01-11 16:29:00+00:00,0.0,0.0,0,5.0,0.0
2025-01-11 16:30:00+00:00,0.0,0.0,0,5.0,0.0
2025-01-11 16:31:00+00:00,0.0,0.0,0,5.0,0.0
2025-01-11 16:32:00+00:00,0.0,0.0,0,5.0,0.0
2025-01-11 16:33:00+00:00,0.0,0.0,0,5.0,0.0
2025-01-11 16:34:00+00:00,0.0,0.0,0,5.0,0.0
2025-01-11 16:35:00+00:00,0.0,0.0,0,5.0,0.0
2025-01-11 16:36:00+00:00,0.0,0.0,0,5.0,0.0
2025-01-11 16:37:00+00:00,0.0,0.0,0,5.0,0.0
2025-01-11 16:38:00+00:00,0.0,0.0,0,5.0,0.0
2025-01-11 16:39:00+00:00,0.0,0.0,0,5.0,0.0
2025-01-11 16:40:00+00:00,0.0,0.0,0,5.0,0.0
2025-01-11 16:41:00+00:00,0.0,0.0,0,5.0,0.0
2025-01-11 16:42:00+00:00,0.0,0.0,0,5.0,0.0
2025-01-11 16:43:00+00:00,0.0,0.0,0,5.0,0.0
2025-01-11 16:44:00+00:00,0.0,0.0,0,5.0,0.0
2025-01-11 16:45:00+00:00,0.0,0.0,0,5.0,0.0
2025-01-11 16:46:00+00:00,0.0,0.0,0,5.0,0.0
2025-01-11 16:47:00+00:00,0.0,0.0,0,5.0,0.0
2025-01-11 16:48:00+00:00,0.0,0.0,0,5.0,0.0
2025-01-11 16:49:00+00:00,0.0,0.0,0,5.0,0.0
2025-01-11 16:50:00+00:00,0.0,0.0,0,5.0,0.0
2025-01-11 16:51:00+00:00,0.0,0.0,0,5.0,0.0
2025-01-11 16:52:00+00:00,0.0,0.0,0,5.0,0.0
2025-01-11 16:53:00+00:00,0.0,0.0,0,5.0,0.0
2025-01-11 16:54:00+00:00,0.0,0.0,0,5.0,0.0
2025-01-11 16:55:00+00:00,0.0,0.0,0,5.0,0.0
2025-01-11 16:56:00+00:00,0.0,0.0,0,5.0,0.0
2025-01-11 16:57:00+00:00,0.0,0.0,0,5.0,0.0
2025-01-11 16:58:00+00:00,0.0,0.0,0,5.0,0.0
2025-01-11 16:59:00+00:00,0.0,0.0,0,5.0,0.0
2025-01-11 17:00:00+00:00,0.0,0.0,0,5.0,0.0
2025-01-11 17:01:00+00:00,0.0,0.0,0,5.0,0.0
2025-01-11 17:02:00+00:00,0.0,0.0,0,5.0,0.0
2025-01-11 17:03:00+00:00,0.0,0.0,0,5.0,0.0
2025-01-11 17:04:00+00:00,0.0,0.0,0,5.0,0.0
2025-01-11 17:05:00+00:00,0.0,0.0,0,5.0,0.0
2025-01-11 17:06:00+00:00,0.0,0.0,0,5.0,0.0
2025-01-11 17:07:00+00:00,0.0,0.0,0,5.0,0.0
2025-01-11 17:08:00+00:00,0.0,0.0,0,5.0,0.0
2025-01-11 17:09:00+00:00,0.0,0.0,0,5.0,0.0
2025-01-11 17:10:00+00:00,0.0,0.0,0,5.0,0.0
2025-01-11 17:11:00+00:00,0.0,0.0,0,5.0,0.0
2025-01-11 17:12:00+00:00,0.0,0.0,0,5.0,0.0
2025-01-11 17:13:00+00:00,0.0,0.0,0,5.0,0.0
2025-01-11 17:14:00+00:00,0.0,0.0,0,5.0,0.0
2025-01-11 17:15:00+00:00,0.0,0.0,0,5.0,0.0
2025-01-11 17:16:00+00:00,0.0,0.0,0,5.0,0.0
2025-01-11 17:17:00+00:00,0.0,0.0,0,5.0,0.0
2025-01-11 17:18:00+00:00,0.0,0.0,0,5.0,0.0
2025-01-11 17:19:00+00:00,0.0,0.0,0,5.0,0.0
2025-01-11 17:20:00+00:00,0.0,0.0,0,5.0,0.0
2025-01-11 17:21:00+00:00,0.0,0.0,0,5.0,0.0
2025-01-11 17:22:00+00:00,0.0,0.0,0,5.0,0.0
2025-01-11 17:23:00+00:00,0.0,0.0,0,5.0,0.0
2025-01-11 17:24:00+00:00,0.0,0.0,0,5.0,0.0
2025-01-11 17:25:00+00:00,0.0,0.0,0,5.0,0.0
2025-01-11 17:26:00+00:00,0.0,0.0,0,5.0,0.0
2025-01-11 17:27:00+00:00,0.0,0.0,0,5.0,0.0
2025-01-11 17:28:00+00:00,0.0,0.0,0,5.0,0.0
2025-01-11 17:29:00+00:00,0.0,0.0,0,5.0,0.0
2025-01-11 17:30:00+00:00,0.0,0.0,0,5.0,0.0
2025-01-11 17:31:00+00:00,0.0,0.0,0,5.0,0.0
2025-01-11 17:32:00+00:00,0.0,0.0,0,5.0,0.0
2025-01-11 17:33:00+00:00,0.0,0.0,0,5.0,0.0
2025-01-11 17:34:00+00:00,0.0,0.0,0,5.0,0.0
2025-01-11 17:35:00+00:00,0.0,0.0,0,5.0,0.0
2025-01-11 17:36:00+00:00,0.0,0.0,0,5.0,0.0
2025-01-11 17:37:00+00:00,0.0,0.0,0,5.0,0.0
2025-01-11 17:38:00+00:00,0.0,0.0,0,5.0,0.0
2025-01-11 17:39:00+00:00,0.0,0.0,0,5.0,0.0
2025-01-11 17:40:00+00:00,0.0,0.0,0,5.0,0.0
2025-01-11 17:41:00+00:00,0.0,0.0,0,5.0,0.0
2025-01-11 17:42:00+00:00,0.0,0.0,0,5.0,0.0
2025-01-11 17:43:00+00:00,0.0,0.0,0,5.0,0.0
2025-01-11 17:44:00+00:00,0.0,0.0,0,5.0,0.0
2025-01-11 17:45:00+00:00,0.0,0.0,0,5.0,0.0
2025-01-11 17:46:00+00:00,0.0,0.0,0,5.0,0.0
2025-01-11 17:47:00+00:00,0.0,0.0,0,5.0,0.0
2025-01-11 17:48:00+00:00,0.0,0.0,0,5.0,0.0
2025-01-11 17:49:00+00:00,0.0,0.0,0,5.0,0.0
2025-01-11 17:50:00+00:00,0.0,0.0,0,5.0,0.0
2025-01-11 17:51:00+00:00,0.0,0.0,0,5.0,0.0
2025-01-11 17:52:00+00:00,0.0,0.0,0,5.0,0.0
2025-01-11 17:53:00+00:00,0.0,0.0,0,5.0,0.0
2025-01-11 17:54:00+00:00,0.0,0.0,0,5.0,0.0
2025-01-11 17:55:00+00:00,0.0,0.0,0,5.0,0.0
2025-01-11 17:56:00+00:00,0.0,0.0,0,5.0,0.0
2025-01-11 17:57:00+00:00,0.0,0.0,0,5.0,0.0
2025-01-11 17:58:00+00:00,0.0,0.0,0,5.0,0.0
2025-01-11 17:59:00+00:00,0.0,0.0,0,5.0,0.0
2025-01-11 18:00:00+00:00,0.0,0.0,0,5.0,0.0
2025-01-11 18:01:00+00:00,0.0,0.0,0,5.0,0.0
2025-01-11 18:02:00+00:00,0.0,0.0,0,5.0,0.0
2025-01-11 18:03:00+00:00,0.0,0.0,0,5.0,0.0
2025-01-11 18:04:00+00:00,0.0,0.0,0,5.0,0.0
2025-01-11 18:05:00+00:00,0.0,0.0,0,5.0,0.0
2025-01-11 18:06:00+00:00,0.0,0.0,0,5.0,0.0
2025-01-11 18:07:00+00:00,0.0,0.0,0,5.0,0.0
2025-01-11 18:08:00+00:00,0.0,0.0,0,5.0,0.0
2025-01-11 18:09:00+00:00,0.0,0.0,0,5.0,0.0
2025-01-11 18:10:00+00:00,0.0,0.0,0,5.0,0.0
2025-01-11 18:11:00+00:00,0.0,0.0,0,5.0,0.0
2025-01-11 18:12:00+00:00,0.0,0.0,0,5.0,0.0
2025-01-11 18:13:00+00:00,0.0,0.0,0,5.0,0.0
2025-01-11 18:14:00+00:00,0.0,0.0,0,5.0,0.0
2025-01-11 18:15:00+00:00,0.0,0.0,0,5.0,0.0
2025-01-11 18:16:00+00:00,0.0,0.0,0,5.0,0.0
2025-01-11 18:17:00+00:00,0.0,0.0,0,5.0,0.0
2025-01-11 18:18:00+00:00,0.0,0.0,0,5.0,0.0
2025-01-11 18:19:00+00:00,0.0,0.0,0,5.0,0.0
2025-01-11 18:20:00+00:00,0.0,0.0,0,5.0,0.0
2025-01-11 18:21:00+00:00,0.0,0.0,0,5.0,0.0
2025-01-11 18:22:00+00:00,0.0,0.0,0,5.0,0.0
2025-01-11 18:23:00+00:00,0.0,0.0,0,5.0,0.0
2025-01-11 18:24:00+00:00,0.0,0.0,0,5.0,0.0
2025-01-11 18:25:00+00:00,0.0,0.0,0,5.0,0.0
2025-01-11 18:26:00+00:00,0.0,0.0,0,5.0,0.0
2025-01-11 18:27:00+00:00,0.0,0.0,0,5.0,0.0
2025-01-11 18:28:00+00:00,0.0,0.0,0,5.0,0.0
2025-01-11 18:29:00+00:00,0.0,0.0,0,5.0,0.0
2025-01-11 18:30:00+00:00,0.0,0.0,0,5.0,0.0
2025-01-11 18:31:00+00:00,0.0,0.0,0,5.0,0.0
2025-01-11 18:32:00+00:00,0.0,0.0,0,5.0,0.0
2025-01-11 18:33:00+00:00,0.0,0.0,0,5.0,0.0
2025-01-11 18:34:00+00:00,0.0,0.0,0,5.0,0.0
2025-01-11 18:35:00+00:00,0.0,0.0,0,5.0,0.0
2025-01-11 18:36:00+00:00,0.0,0.0,0,5.0,0.0
2025-01-11 18:37:00+00:00,0.0,0.0,0,5.0,0.0
2025-01-11 18:38:00+00:00,0.0,0.0,0,5.0,0.0
2025-01-11 18:39:00+00:00,0.0,0.0,0,5.0,0.0
2025-01-11 18:40:00+00:00,0.0,0.0,0,5.0,0.0
2025-01-11 18:41:00+00:00,0.0,0.0,0,5.0,0.0
2025-01-11 18:42:00+00:00,0.0,0.0,0,5.0,0.0
2025-01-11 18:43:00+00:00,0.0,0.0,0,5.0,0.0
2025-01-11 18:44:00+00:00,0.0,0.0,0,5.0,0.0
2025-01-11 18:45:00+00:00,0.0,0.0,0,5.0,0.0
2025-01-11 18:46:00+00:00,0.0,0.0,0,5.0,0.0
2025-01-11 18:47:00+00:00,0.0,0.0,0,5.0,0.0
2025-01-11 18:48:00+00:00,0.0,0.0,0,5.0,0.0
2025-01-11 18:49:00+00:00,0.0,0.0,0,5.0,0.0
2025-01-11 18:50:00+00:00,0.0,0.0,0,5.0,0.0
2025-01-11 18:51:00+00:00,0.0,0.0,0,5.0,0.0
2025-01-11 18:52:00+00:00,0.0,0.0,0,5.0,0.0
2025-01-11 18:53:00+00:00,0.0,0.0,0,5.0,0.0
2025-01-11 18:54:00+00:00,0.0,0.0,0,5.0,0.0
2025-01-11 18:55:00+00:00,0.0,0.0,0,5.0,0.0
2025-01-11 18:56:00+00:00,0.0,0.0,0,5.0,0.0
2025-01-11 18:57:00+00:00,0.0,0.0,0,5.0,0.0
2025-01-11 18:58:00+00:00,0.0,0.0,0,5.0,0.0
2025-01-11 18:59:00+00:00,0.0,0.0,0,5.0,0.0
2025-01-11 19:00:00+00:00,0.0,0.0,0,5.0,0.0
2025-01-11 19:01:00+00:00,0.0,0.0,0,5.0,0.0
2025-01-11 19:02:00+00:00,0.0,0.0,0,5.0,0.0
2025-01-11 19:03:00+00:00,0.0,0.0,0,5.0,0.0
2025-01-11 19:04:00+00:00,0.0,0.0,0,5.0,0.0
2025-01-11 19:05:00+00:00,0.0,0.0,0,5.0,0.0
2025-01-11 19:06:00+00:00,0.0,0.0,0,5.0,0.0
2025-01-11 19:07:00+00:00,0.0,0.0,0,5.0,0.0
2025-01-11 19:08:00+00:00,0.0,0.0,0,5.0,0.0
2025-01-11 19:09:00+00:00,0.0,0.0,0,5.0,0.0
2025-01-11 19:10:00+00:00,0.0,0.0,0,5.0,0.0
2025-01-11 19:11:00+00:00,0.0,0.0,0,5.0,0.0
2025-01-11 19:12:00+00:00,0.0,0.0,0,5.0,0.0
2025-01-11 19:13:00+00:00,0.0,0.0,0,5.0,0.0
2025-01-11 19:14:00+00:00,0.0,0.0,0,5.0,0.0
2025-01-11 19:15:00+00:00,0.0,0.0,0,5.0,0.0
2025-01-11 19:16:00+00:00,0.0,0.0,0,5.0,0.0
2025-01-11 19:17:00+00:00,0.0,0.0,0,5.0,0.0
2025-01-11 19:18:00+00:00,0.0,0.0,0,5.0,0.0
2025-01-11 19:19:00+00:00,0.0,0.0,0,5.0,0.0
2025-01-11 19:20:00+00:00,0.0,0.0,0,5.0,0.0
2025-01-11 19:21:00+00:00,0.0,0.0,0,5.0,0.0
2025-01-11 19:22:00+00:00,0.0,0.0,0,5.0,0.0
2025-01-11 19:23:00+00:00,0.0,0.0,0,5.0,0.0
2025-01-11 19:24:00+00:00,0.0,0.0,0,5.0,0.0
2025-01-11 19:25:00+00:00,0.0,0.0,0,5.0,0.0
2025-01-11 19:26:00+00:00,0.0,0.0,0,5.0,0.0
2025-01-11 19:27:00+00:00,0.0,0.0,0,5.0,0.0
2025-01-11 19:28:00+00:00,0.0,0.0,0,5.0,0.0
2025-01-11 19:29:00+00:00,0.0,0.0,0,5.0,0.0
2025-01-11 19:30:00+00:00,0.0,0.0,0,5.0,0.0
2025-01-11 19:31:00+00:00,0.0,0.0,0,5.0,0.0
2025-01-11 19:32:00+00:00,0.0,0.0,0,5.0,0.0
2025-01-11 19:33:00+00:00,0.0,0.0,0,5.0,0.0
2025-01-11 19:34:00+00:00,0.0,0.0,0,5.0,0.0
2025-01-11 19:35:00+00:00,0.0,0.0,0,5.0,0.0
2025-01-11 19:36:00+00:00,0.0,0.0,0,5.0,0.0
2025-01-11 19:37:00+00:00,0.0,0.0,0,5.0,0.0
2025-01-11 19:38:00+00:00,0.0,0.0,0,5.0,0.0
2025-01-11 19:39:00+00:00,0.0,0.0,0,5.0,0.0
2025-01-11 19:40:00+00:00,0.0,0.0,0,5.0,0.0
2025-01-11 19:41:00+00:00,0.0,0.0,0,5.0,0.0
2025-01-11 19:42:00+00:00,0.0,0.0,0,5.0,0.0
2025-01-11 19:43:00+00:00,0.0,0.0,0,5.0,0.0
2025-01-11 19:44:00+00:00,0.0,0.0,0,5.0,0.0
2025-01-11 19:45:00+00:00,0.0,0.0,0,5.0,0.0
2025-01-11 19:46:00+00:00,0.0,0.0,0,5.0,0.0
2025-01-11 19:47:00+00:00,0.0,0.0,0,5.0,0.0
2025-01-11 19:48:00+00:00,0.0,0.0,0,5.0,0.0
2025-01-11 19:49:00+00:00,0.0,0.0,0,5.0,0.0
2025-01-11 19:50:00+00:00,0.0,0.0,0,5.0,0.0
2025-01-11 19:51:00+00:00,0.0,0.0,0,5.0,0.0
2025-01-11 19:52:00+00:00,0.0,0.0,0,5.0,0.0
2025-01-11 19:53:00+00:00,0.0,0.0,0,5.0,0.0
2025-01-11 19:54:00+00:00,0.0,0.0,0,5.0,0.0
2025-01-11 19:55:00+00:00,0.0,0.0,0,5.0,0.0
2025-01-11 19:56:00+00:00,0.0,0.0,0,5.0,0.0
2025-01-11 19:57:00+00:00,0.0,0.0,0,5.0,0.0
2025-01-11 19:58:00+00:00,0.0,0.0,0,5.0,0.0
2025-01-11 19:59:00+00:00,0.0,0.0,0,5.0,0.0
2025-01-11 20:00:00+00:00,0.0,0.0,0,5.0,0.0
2025-01-11 20:01:00+00:00,0.0,0.0,0,5.0,0.0
2025-01-11 20:02:00+00:00,0.0,0.0,0,5.0,0.0
2025-01-11 20:03:00+00:00,0.0,0.0,0,5.0,0.0
2025-01-11 20:04:00+00:00,0.0,0.0,0,5.0,0.0
2025-01-11 20:05:00+00:00,0.0,0.0,0,5.0,0.0
2025-01-11 20:06:00+00:00,0.0,0.0,0,5.0,0.0
2025-01-11 20:07:00+00:00,0.0,0.0,0,5.0,0.0
2025-01-11 20:08:00+00:00,0.0,0.0,0,5.0,0.0
2025-01-11 20:09:00+00:00,0.0,0.0,0,5.0,0.0
2025-01-11 20:10:00+00:00,0.0,0.0,0,5.0,0.0
2025-01-11 20:11:00+00:00,0.0,0.0,0,5.0,0.0
2025-01-11 20:12:00+00:00,0.0,0.0,0,5.0,0.0
2025-01-11 20:13:00+00:00,0.0,0.0,0,5.0,0.0
2025-01-11 20:14:00+00:00,0.0,0.0,0,5.0,0.0
2025-01-11 20:15:00+00:00,0.0,0.0,0,5.0,0.0
2025-01-11 20:16:00+00:00,0.0,0.0,0,5.0,0.0
2025-01-11 20:17:00+00:00,0.0,0.0,0,5.0,0.0
2025-01-11 20:18:00+00:00,0.0,0.0,0,5.0,0.0
2025-01-11 20:19:00+00:00,0.0,0.0,0,5.0,0.0
2025-01-11 20:20:00+00:00,0.0,0.0,0,5.0,0.0
2025-01-11 20:21:00+00:00,0.0,0.0,0,5.0,0.0
2025-01-11 20:22:00+00:00,0.0,0.0,0,5.0,0.0
2025-01-11 20:23:00+00:00,0.0,0.0,0,5.0,0.0
2025-01-11 20:24:00+00:00,0.0,0.0,0,5.0,0.0
2025-01-11 20:25:00+00:00,0.0,0.0,0,5.0,0.0
2025-01-11 20:26:00+00:00,0.0,0.0,0,5.0,0.0
2025-01-11 20:27:00+00:00,0.0,0.0,0,5.0,0.0
2025-01-11 20:28:00+00:00,0.0,0.0,0,5.0,0.0
2025-01-11 20:29:00+00:00,0.0,0.0,0,5.0,0.0
2025-01-11 20:30:00+00:00,0.0,0.0,0,5.0,0.0
2025-01-11 20:31:00+00:00,0.0,0.0,0,5.0,0.0
2025-01-11 20:32:00+00:00,0.0,0.0,0,5.0,0.0
2025-01-11 20:33:00+00:00,0.0,0.0,0,5.0,0.0
2025-01-11 20:34:00+00:00,0.0,0.0,0,5.0,0.0
2025-01-11 20:35:00+00:00,0.0,0.0,0,5.0,0.0
2025-01-11 20:36:00+00:00,0.0,0.0,0,5.0,0.0
2025-01-11 20:37:00+00:00,0.0,0.0,0,5.0,0.0
2025-01-11 20:38:00+00:00,0.0,0.0,0,5.0,0.0
2025-01-11 20:39:00+00:00,0.0,0.0,0,5.0,0.0
2025-01-11 20:40:00+00:00,0.0,0.0,0,5.0,0.0
2025-01-11 20:41:00+00:00,0.0,0.0,0,5.0,0.0
2025-01-11 20:42:00+00:00,0.0,0.0,0,5.0,0.0
2025-01-11 20:43:00+00:00,0.0,0.0,0,5.0,0.0
2025-01-11 20:44:00+00:00,0.0,0.0,0,5.0,0.0
2025-01-11 20:45:00+00:00,0.0,0.0,0,5.0,0.0
2025-01-11 20:46:00+00:00,0.0,0.0,0,5.0,0.0
2025-01-11 20:47:00+00:00,0.0,0.0,0,5.0,0.0
2025-01-11 20:48:00+00:00,0.0,0.0,0,5.0,0.0
2025-01-11 20:49:00+00:00,0.0,0.0,0,5.0,0.0
2025-01-11 20:50:00+00:00,0.0,0.0,0,5.0,0.0
2025-01-11 20:51:00+00:00,0.0,0.0,0,5.0,0.0
2025-01-11 20:52:00+00:00,0.0,0.0,0,5.0,0.0
2025-01-11 20:53:00+00:00,0.0,0.0,0,5.0,0.0
2025-01-11 20:54:00+00:00,0.0,0.0,0,5.0,0.0
2025-01-11 20:55:00+00:00,0.0,0.0,0,5.0,0.0
2025-01-11 20:56:00+00:00,0.0,0.0,0,5.0,0.0
2025-01-11 20:57:00+00:00,0.0,0.0,0,5.0,0.0
2025-01-11 20:58:00+00:00,0.0,0.0,0,5.0,0.0
2025-01-11 20:59:00+00:00,0.0,0.0,0,5.0,0.0
2025-01-11 21:00:00+00:00,0.0,0.0,0,5.0,0.0
2025-01-11 21:01:00+00:00,0.0,0.0,0,5.0,0.0
2025-01-11 21:02:00+00:00,0.0,0.0,0,5.0,0.0
2025-01-11 21:03:00+00:00,0.0,0.0,0,5.0,0.0
2025-01-11 21:04:00+00:00,0.0,0.0,0,5.0,0.0
2025-01-11 21:05:00+00:00,0.0,0.0,0,5.0,0.0
2025-01-11 21:06:00+00:00,0.0,0.0,0,5.0,0.0
2025-01-11 21:07:00+00:00,0.0,0.0,0,5.0,0.0
2025-01-11 21:08:00+00:00,0.0,0.0,0,5.0,0.0
2025-01-11 21:09:00+00:00,0.0,0.0,0,5.0,0.0
2025-01-11 21:10:00+00:00,0.0,0.0,0,5.0,0.0
2025-01-11 21:11:00+00:00,0.0,0.0,0,5.0,0.0
2025-01-11 21:12:00+00:00,0.0,0.0,0,5.0,0.0
2025-01-11 21:13:00+00:00,0.0,0.0,0,5.0,0.0
2025-01-11 21:14:00+00:00,0.0,0.0,0,5.0,0.0
2025-01-11 21:15:00+00:00,0.0,0.0,0,5.0,0.0
2025-01-11 21:16:00+00:00,0.0,0.0,0,5.0,0.0
2025-01-11 21:17:00+00:00,0.0,0.0,0,5.0,0.0
2025-01-11 21:18:00+00:00,0.0,0.0,0,5.0,0.0
2025-01-11 21:19:00+00:00,0.0,0.0,0,5.0,0.0
2025-01-11 21:20:00+00:00,0.0,0.0,0,5.0,0.0
2025-01-11 21:21:00+00:00,0.0,0.0,0,5.0,0.0
2025-01-11 21:22:00+00:00,0.0,0.0,0,5.0,0.0
2025-01-11 21:23:00+00:00,0.0,0.0,0,5.0,0.0
2025-01-11 21:24:00+00:00,0.0,0.0,0,5.0,0.0
2025-01-11 21:25:00+00:00,0.0,0.0,0,5.0,0.0
2025-01-11 21:26:00+00:00,0.0,0.0,0,5.0,0.0
2025-01-11 21:27:00+00:00,0.0,0.0,0,5.0,0.0
2025-01-11 21:28:00+00:00,0.0,0.0,0,5.0,0.0
2025-01-11 21:29:00+00:00,0.0,0.0,0,5.0,0.0
2025-01-11 21:30:00+00:00,0.0,0.0,0,5.0,0.0
2025-01-11 21:31:00+00:00,0.0,0.0,0,5.0,0.0
2025-01-11 21:32:00+00:00,0.0,0.0,0,5.0,0.0
2025-01-11 21:33:00+00:00,0.0,0.0,0,5.0,0.0
2025-01-11 21:34:00+00:00,0.0,0.0,0,5.0,0.0
2025-01-11 21:35:00+00:00,0.0,0.0,0,5.0,0.0
2025-01-11 21:36:00+00:00,0.0,0.0,0,5.0,0.0
2025-01-11 21:37:00+00:00,0.0,0.0,0,5.0,0.0
2025-01-11 21:38:00+00:00,0.0,0.0,0,5.0,0.0
2025-01-11 21:39:00+00:00,0.0,0.0,0,5.0,0.0
2025-01-11 21:40:00+00:00,0.0,0.0,0,5.0,0.0
2025-01-11 21:41:00+00:00,0.0,0.0,0,5.0,0.0
2025-01-11 21:42:00+00:00,0.0,0.0,0,5.0,0.0
2025-01-11 21:43:00+00:00,0.0,0.0,0,5.0,0.0
2025-01-11 21:44:00+00:00,0.0,0.0,0,5.0,0.0
2025-01-11 21:45:00+00:00,0.0,0.0,0,5.0,0.0
2025-01-11 21:46:00+00:00,0.0,0.0,0,5.0,0.0
2025-01-11 21:47:00+00:00,0.0,0.0,0,5.0,0.0
2025-01-11 21:48:00+00:00,0.0,0.0,0,5.0,0.0
2025-01-11 21:49:00+00:00,0.0,0.0,0,5.0,0.0
2025-01-11 21:50:00+00:00,0.0,0.0,0,5.0,0.0
2025-01-11 21:51:00+00:00,0.0,0.0,0,5.0,0.0
2025-01-11 21:52:00+00:00,0.0,0.0,0,5.0,0.0
2025-01-11 21:53:00+00:00,0.0,0.0,0,5.0,0.0
2025-01-11 21:54:00+00:00,0.0,0.0,0,5.0,0.0
2025-01-11 21:55:00+00:00,0.0,0.0,0,5.0,0.0
2025-01-11 21:56:00+00:00,0.0,0.0,0,5.0,0.0
2025-01-11 21:57:00+00:00,0.0,0.0,0,5.0,0.0
2025-01-11 21:58:00+00:00,0.0,0.0,0,5.0,0.0
2025-01-11 21:59:00+00:00,0.0,0.0,0,5.0,0.0
2025-01-11 22:00:00+00:00,0.0,0.0,0,5.0,0.0
2025-01-11 22:01:00+00:00,0.0,0.0,0,5.0,0.0
2025-01-11 22:02:00+00:00,0.0,0.0,0,5.0,0.0
2025-01-11 22:03:00+00:00,0.0,0.0,0,5.0,0.0
2025-01-11 22:04:00+00:00,0.0,0.0,0,5.0,0.0
2025-01-11 22:05:00+00:00,0.0,0.0,0,5.0,0.0
2025-01-11 22:06:00+00:00,0.0,0.0,0,5.0,0.0
2025-01-11 22:07:00+00:00,0.0,0.0,0,5.0,0.0
2025-01-11 22:08:00+00:00,0.0,0.0,0,5.0,0.0
2025-01-11 22:09:00+00:00,0.0,0.0,0,5.0,0.0
2025-01-11 22:10:00+00:00,0.0,0.0,0,5.0,0.0
2025-01-11 22:11:00+00:00,0.0,0.0,0,5.0,0.0
2025-01-11 22:12:00+00:00,0.0,0.0,0,5.0,0.0
2025-01-11 22:13:00+00:00,0.0,0.0,0,5.0,0.0
2025-01-11 22:14:00+00:00,0.0,0.0,0,5.0,0.0
2025-01-11 22:15:00+00:00,0.0,0.0,0,5.0,0.0
2025-01-11 22:16:00+00:00,0.0,0.0,0,5.0,0.0
2025-01-11 22:17:00+00:00,0.0,0.0,0,5.0,0.0
2025-01-11 22:18:00+00:00,0.0,0.0,0,5.0,0.0
2025-01-11 22:19:00+00:00,0.0,0.0,0,5.0,0.0
2025-01-11 22:20:00+00:00,0.0,0.0,0,5.0,0.0
2025-01-11 22:21:00+00:00,0.0,0.0,0,5.0,0.0
2025-01-11 22:22:00+00:00,0.0,0.0,0,5.0,0.0
2025-01-11 22:23:00+00:00,0.0,0.0,0,5.0,0.0
2025-01-11 22:24:00+00:00,0.0,0.0,0,5.0,0.0
2025-01-11 22:25:00+00:00,0.0,0.0,0,5.0,0.0
2025-01-11 22:26:00+00:00,0.0,0.0,0,5.0,0.0
2025-01-11 22:27:00+00:00,0.0,0.0,0,5.0,0.0
2025-01-11 22:28:00+00:00,0.0,0.0,0,5.0,0.0
2025-01-11 22:29:00+00:00,0.0,0.0,0,5.0,0.0
2025-01-11 22:30:00+00:00,0.0,0.0,0,5.0,0.0
2025-01-11 22:31:00+00:00,0.0,0.0,0,5.0,0.0
2025-01-11 22:32:00+00:00,0.0,0.0,0,5.0,0.0
2025-01-11 22:33:00+00:00,0.0,0.0,0,5.0,0.0
2025-01-11 22:34:00+00:00,0.0,0.0,0,5.0,0.0
2025-01-11 22:35:00+00:00,0.0,0.0,0,5.0,0.0
2025-01-11 22:36:00+00:00,0.0,0.0,0,5.0,0.0
2025-01-11 22:37:00+00:00,0.0,0.0,0,5.0,0.0
2025-01-11 22:38:00+00:00,0.0,0.0,0,5.0,0.0
2025-01-11 22:39:00+00:00,0.0,0.0,0,5.0,0.0
2025-01-11 22:40:00+00:00,0.0,0.0,0,5.0,0.0
2025-01-11 22:41:00+00:00,0.0,0.0,0,5.0,0.0
2025-01-11 22:42:00+00:00,0.0,0.0,0,5.0,0.0
2025-01-11 22:43:00+00:00,0.0,0.0,0,5.0,0.0
2025-01-11 22:44:00+00:00,0.0,0.0,0,5.0,0.0
2025-01-11 22:45:00+00:00,0.0,0.0,0,5.0,0.0
2025-01-11 22:46:00+00:00,0.0,0.0,0,5.0,0.0
2025-01-11 22:47:00+00:00,0.0,0.0,0,5.0,0.0
2025-01-11 22:48:00+00:00,0.0,0.0,0,5.0,0.0
2025-01-11 22:49:00+00:00,0.0,0.0,0,5.0,0.0
2025-01-11 22:50:00+00:00,0.0,0.0,0,5.0,0.0
2025-01-11 22:51:00+00:00,0.0,0.0,0,5.0,0.0
2025-01-11 22:52:00+00:00,0.0,0.0,0,5.0,0.0
2025-01-11 22:53:00+00:00,0.0,0.0,0,5.0,0.0
2025-01-11 22:54:00+00:00,0.0,0.0,0,5.0,0.0
2025-01-11 22:55:00+00:00,0.0,0.0,0,5.0,0.0
2025-01-11 22:56:00+00:00,0.0,0.0,0,5.0,0.0
2025-01-11 22:57:00+00:00,0.0,0.0,0,5.0,0.0
2025-01-11 22:58:00+00:00,0.0,0.0,0,5.0,0.0
2025-01-11 22:59:00+00:00,0.0,0.0,0,5.0,0.0
2025-01-11 23:00:00+00:00,0.0,0.0,0,5.0,0.0
2025-01-11 23:01:00+00:00,0.0,0.0,0,5.0,0.0
2025-01-11 23:02:00+00:00,0.0,0.0,0,5.0,0.0
2025-01-11 23:03:00+00:00,0.0,0.0,0,5.0,0.0
2025-01-11 23:04:00+00:00,0.0,0.0,0,5.0,0.0
2025-01-11 23:05:00+00:00,0.0,0.0,0,5.0,0.0
2025-01-11 23:06:00+00:00,0.0,0.0,0,5.0,0.0
2025-01-11 23:07:00+00:00,0.0,0.0,0,5.0,0.0
2025-01-11 23:08:00+00:00,0.0,0.0,0,5.0,0.0
2025-01-11 23:09:00+00:00,0.0,0.0,0,5.0,0.0
2025-01-11 23:10:00+00:00,0.0,0.0,0,5.0,0.0
2025-01-11 23:11:00+00:00,0.0,0.0,0,5.0,0.0
2025-01-11 23:12:00+00:00,0.0,0.0,0,5.0,0.0
2025-01-11 23:13:00+00:00,0.0,0.0,0,5.0,0.0
2025-01-11 23:14:00+00:00,0.0,0.0,0,5.0,0.0
2025-01-11 23:15:00+00:00,0.0,0.0,0,5.0,0.0
2025-01-11 23:16:00+00:00,0.0,0.0,0,5.0,0.0
2025-01-11 23:17:00+00:00,0.0,0.0,0,5.0,0.0
2025-01-11 23:18:00+00:00,0.0,0.0,0,5.0,0.0
2025-01-11 23:19:00+00:00,0.0,0.0,0,5.0,0.0
2025-01-11 23:20:00+00:00,0.0,0.0,0,5.0,0.0
2025-01-11 23:21:00+00:00,0.0,0.0,0,5.0,0.0
2025-01-11 23:22:00+00:00,0.0,0.0,0,5.0,0.0
2025-01-11 23:23:00+00:00,0.0,0.0,0,5.0,0.0
2025-01-11 23:24:00+00:00,0.0,0.0,0,5.0,0.0
2025-01-11 23:25:00+00:00,0.0,0.0,0,5.0,0.0
2025-01-11 23:26:00+00:00,0.0,0.0,0,5.0,0.0
2025-01-11 23:27:00+00:00,0.0,0.0,0,5.0,0.0
2025-01-11 23:28:00+00:00,0.0,0.0,0,5.0,0.0
2025-01-11 23:29:00+00:00,0.0,0.0,0,5.0,0.0
2025-01-11 23:30:00+00:00,0.0,0.0,0,5.0,0.0
2025-01-11 23:31:00+00:00,0.0,0.0,0,5.0,0.0
2025-01-11 23:32:00+00:00,0.0,0.0,0,5.0,0.0
2025-01-11 23:33:00+00:00,0.0,0.0,0,5.0,0.0
2025-01-11 23:34:00+00:00,0.0,0.0,0,5.0,0.0
2025-01-11 23:35:00+00:00,0.0,0.0,0,5.0,0.0
2025-01-11 23:36:00+00:00,0.0,0.0,0,5.0,0.0
2025-01-11 23:37:00+00:00,0.0,0.0,0,5.0,0.0
2025-01-11 23:38:00+00:00,0.0,0.0,0,5.0,0.0
2025-01-11 23:39:00+00:00,0.0,0.0,0,5.0,0.0
2025-01-11 23:40:00+00:00,0.0,0.0,0,5.0,0.0
2025-01-11 23:41:00+00:00,0.0,0.0,0,5.0,0.0
2025-01-11 23:42:00+00:00,0.0,0.0,0,5.0,0.0
2025-01-11 23:43:00+00:00,0.0,0.0,0,5.0,0.0
2025-01-11 23:44:00+00:00,0.0,0.0,0,5.0,0.0
2025-01-11 23:45:00+00:00,0.0,0.0,0,5.0,0.0
2025-01-11 23:46:00+00:00,0.0,0.0,0,5.0,0.0
2025-01-11 23:47:00+00:00,0.0,0.0,0,5.0,0.0
2025-01-11 23:48:00+00:00,0.0,0.0,0,5.0,0.0
2025-01-11 23:49:00+00:00,0.0,0.0,0,5.0,0.0
2025-01-11 23:50:00+00:00,0.0,0.0,0,5.0,0.0
2025-01-11 23:51:00+00:00,0.0,0.0,0,5.0,0.0
2025-01-11 23:52:00+00:00,0.0,0.0,0,5.0,0.0
2025-01-11 23:53:00+00:00,0.0,0.0,0,5.0,0.0
2025-01-11 23:54:00+00:00,0.0,0.0,0,5.0,0.0
2025-01-11 23:55:00+00:00,0.0,0.0,0,5.0,0.0
2025-01-11 23:56:00+00:00,0.0,0.0,0,5.0,0.0
2025-01-11 23:57:00+00:00,0.0,0.0,0,5.0,0.0
2025-01-11 23:58:00+00:00,0.0,0.0,0,5.0,0.0
2025-01-11 23:59:00+00:00,0.0,0.0,0,5.0,0.0
